NAME,LANGUAGE
http://www.cnn.com,"Request (#1): ""http://www.cnn.com/"""
http://www.cnn.com,"Request (#2): ""https://www.cnn.com/"""
http://www.cnn.com,"Request (#3): ""https://edition.cnn.com/"""
http://www.cnn.com,"Request (#4): ""https://edition.cnn.com/.a/bundles/cnn-header.b424d2d820f5a7b0e2fc-first-bundle.js"""
http://www.cnn.com,"Request (#5): ""https://edition.cnn.com/.a/2.128.1/js/cnn-header-second.min.js"""
http://www.cnn.com,"Request (#6): ""https://cdn.optimizely.com/js/128727546.js"""
http://www.cnn.com,"Request (#7): ""https://cdn.cnn.com/analytics/cnnexpan/jsmd.min.js"""
http://www.cnn.com,"Request (#8): ""https://edition.cnn.com/.a/2.128.1/js/cnn-footer-lib.min.js"""
http://www.cnn.com,"Request (#9): ""https://edition.cnn.com/.a/2.128.1/js/gigya-sharebar.min.js"""
http://www.cnn.com,"Request (#10): ""https://a.postrelease.com/serve/load.js?async=true"""
http://www.cnn.com,"Request (#11): ""https://edition.cnn.com/.a/2.128.1/js/cnn-analytics.min.js"""
http://www.cnn.com,"Request (#12): ""https://native.sharethrough.com/assets/sfp.js"""
http://www.cnn.com,"Request (#13): ""https://static.chartbeat.com/js/chartbeat_mab.js"""
http://www.cnn.com,"Request (#14): ""https://cdn.cookielaw.org/geoswitch/d22a6b50-6c73-4070-8922-86c722dd1f35.js"""
http://www.cnn.com,"Request (#15): ""data:image/webp;base64,UklGRkoAAABXRUJQVlA4WAoAAAAQAAAAAAAAAAAAQUxQSAwAAAABBxAR/Q9ERP8DAABWUDggGAAAADABAJ0BKgEAAQADADQlpAADcAD++/1QAA=="""
http://www.cnn.com,"Request (#16): ""https://geo.ngtv.io/locate?appId=eyJhbGciOiJIUzI1NiIsInR5cCI6IkpXVCJ9.eyJwbGF0Zm9ybSI6IndlYiIsInByb2R1Y3QiOiJhZGZ1ZWwiLCJuZXR3b3JrIjoiY25uIiwiYXBwSWQiOiJjbm4tYWRmdWVsLXdlYi14bWQ2dTkifQ.N-lYZh_mvCV2gChDusNhd85B2BD7AiCIcNY2Gr5Rc6c"""
http://www.cnn.com,"Request (#17): ""https://js-sec.indexww.com/ht/p/186370-129055748395673.js"""
http://www.cnn.com,"Request (#18): ""https://cdn.cnn.com/ads/adfuel/modules/prebid-1.32.0.js"""
http://www.cnn.com,"Request (#19): ""https://www.ugdturner.com/xd.sjs"""
http://www.cnn.com,"Request (#20): ""https://cnn.sdk.beemray.com/content/websdk/39a34d8d-dd1d-4fbf-aa96-fdc5f0329451?source=aHR0cHM6Ly9lZGl0aW9uLmNubi5jb20v"""
http://www.cnn.com,"Request (#21): ""https://cdn.adsafeprotected.com/iasPET.1.js"""
http://www.cnn.com,"Request (#22): ""https://www.googletagservices.com/tag/js/gpt.js"""
http://www.cnn.com,"Request (#23): ""https://i.cdn.turner.com/ads/adfuel/modules/keypress.js"""
http://www.cnn.com,"Request (#24): ""https://c.amazon-adsystem.com/aax2/apstag.js"""
http://www.cnn.com,"Request (#25): ""https://cdn.krxd.net/controltag?confid=teff18ls8"""
http://www.cnn.com,"Request (#26): ""https://adservice.google.co.il/adsid/integrator.js?domain=edition.cnn.com"""
http://www.cnn.com,"Request (#27): ""https://adservice.google.com/adsid/integrator.js?domain=edition.cnn.com"""
http://www.cnn.com,"Request (#28): ""https://securepubads.g.doubleclick.net/gpt/pubads_impl_285.js"""
http://www.cnn.com,"Request (#29): ""https://cdn.krxd.net/ctjs/controltag.js.c18d2ea515480e99b9a7056becfa6a91"""
http://www.cnn.com,"Request (#30): ""https://aax.amazon-adsystem.com/e/dtb/bid?src=3288&u=https%3A%2F%2Fedition.cnn.com%2F&pid=2966867308131544970509177&cb=989364229611544970509179&ws=400x300&v=7.20.00&t=500&slots=%5B%7B%22id%22%3A%22aps-preroll%22%2C%22mt%22%3A%22v%22%7D%5D&pj=%7B%22apse%22%3A%7B%22shouldSampleLatency%22%3Afalse%7D%7D&gdprl=%7B%22status%22%3A%22no-cmp%22%7D"""
http://www.cnn.com,"Request (#31): ""https://c.amazon-adsystem.com/bao-csm/aps-comm/aps_csm.js"""
http://www.cnn.com,"Request (#32): ""https://cdn3.optimizely.com/js/geo2.js"""
http://www.cnn.com,"Request (#33): ""https://cdn.cnn.com/cnn/.e1mo/img/4.0/logos/menu_entertainment.png"""
http://www.cnn.com,"Request (#34): ""https://edition.i.cdn.cnn.com/.a/bundles/usabilla.a0e9106e959d09e14d68.bundle.js"""
http://www.cnn.com,"Request (#35): ""https://bat.bing.com/bat.js"""
http://www.cnn.com,"Request (#36): ""https://tag.bounceexchange.com/340/i.js"""
http://www.cnn.com,"Request (#37): ""https://amplify.outbrain.com/cp/obtp.js"""
http://www.cnn.com,"Request (#38): ""https://static.ads-twitter.com/uwt.js"""
http://www.cnn.com,"Request (#39): ""https://edition.cnn.com/data/ocs/section/index.html:intl_homepage1-zone-1/views/zones/common/zone-manager.izl"""
http://www.cnn.com,"Request (#40): ""https://edition.cnn.com/data/ocs/section/intl_index3.html:intl_homepage-magellan-zone-1/views/zones/common/zone-manager.izl"""
http://www.cnn.com,"Request (#41): ""https://cdn.livefyre.com/Livefyre.js"""
http://www.cnn.com,"Request (#42): ""https://cdn.cnn.com/cnn/.e1mo/img/4.0/logos/menu_travel.png"""
http://www.cnn.com,"Request (#43): ""https://cdn.cnn.com/cnn/.e1mo/img/4.0/logos/menu_style_new.png"""
http://www.cnn.com,"Request (#44): ""https://cdn.cnn.com/cnn/.e1mo/img/4.0/logos/menu_health.png"""
http://www.cnn.com,"Request (#45): ""https://cdn.cnn.com/cnn/.e1mo/img/4.0/vr/vr_new_asset.png"""
http://www.cnn.com,"Request (#46): ""https://cdn.cnn.com/cnn/.e1mo/img/4.0/logos/logo_cnn_nav_bottom.png"""
http://www.cnn.com,"Request (#47): ""https://cdn.cnn.com/cnn/.e1mo/img/4.0/logos/logo_cnn_espaniol.png"""
http://www.cnn.com,"Request (#48): ""https://cdn.cnn.com/cnn/.e1mo/img/4.0/logos/logo_cnn_arabic.png"""
http://www.cnn.com,"Request (#49): ""https://a125375509.cdn.optimizely.com/client_storage/a125375509.html"""
http://www.cnn.com,"Request (#50): ""https://geolocation.onetrust.com/cookieconsentpub/v1/geo/countries/EU?callback=?"""
http://www.cnn.com,"Request (#51): ""https://secure.quantserve.com/aquant.js?a=p-D1yc5zQgjmqr5"""
http://www.cnn.com,"Request (#52): ""https://gum.criteo.com/sync?r=2&c=158&j=STRCriteoCallback&callback=STRCriteoCallback"""
http://www.cnn.com,"Request (#53): ""https://match.adsrvr.org/track/rid?v=1.0.0&ttd_pid=sharethrough"""
http://www.cnn.com,"Request (#54): ""https://sharethrough.adnxs.com/getuidp?callback=STRAppNexusCallback"""
http://www.cnn.com,"Request (#55): ""https://mab.chartbeat.com/mab_strategy/headline_testing/get_strategy/?host=edition.cnn.com&domain=edition.cnn.com&path=%2F"""
http://www.cnn.com,"Request (#56): ""https://consumer.krxd.net/consent/get/f3b6d00d-676f-48d8-80ef-2b48af61105e?idt=device&dt=kxcookie&callback=Krux.ns.turnerinternational.kxjsonp_consent_get_0"""
http://www.cnn.com,"Request (#57): ""https://cdn.krxd.net/partnerjs/xdi/proxy.3d2100fd7107262ecb55ce6847f01fa5.html#!kxcid=teff18ls8&kxt=https%3A%2F%2Fedition.cnn.com&kxcl=cdn&kxp="""
http://www.cnn.com,"Request (#58): ""https://tr.outbrain.com/pixel?marketerId=006eb1f8dded486e0974a6b4a7b9805f5f&obApiVersion=1.0.10&name=PAGE_VIEW&dl=https%3A%2F%2Fedition.cnn.com%2F&bust=019855157448910177"""
http://www.cnn.com,"Request (#59): ""https://amplifypixel.outbrain.com/pixel?mid=006eb1f8dded486e0974a6b4a7b9805f5f&dl=https%3A%2F%2Fedition.cnn.com%2F&bust=019855157448910177"""
http://www.cnn.com,"Request (#60): ""https://tr.outbrain.com/pixel?marketerId=006eb1f8dded486e0974a6b4a7b9805f5f&obApiVersion=1.0.10&name=Exit-Link-Clicks&dl=https%3A%2F%2Fedition.cnn.com%2F&bust=030197084741666913"""
http://www.cnn.com,"Request (#61): ""https://edition.i.cdn.cnn.com/.a/bundles/weather.1e687d8fb9b08d62cdf2.bundle.js"""
http://www.cnn.com,"Request (#62): ""data:image/gif;base64,R0lGODlhEAAJAJEAAAAAAP///////wAAACH5BAEAAAIALAAAAAAQAAkAAAIKlI+py+0Po5yUFQA7"""
http://www.cnn.com,"Request (#63): ""https://edition.i.cdn.cnn.com/.a/bundles/one_tap.ef2cdbafbffca697c5f5.bundle.js"""
http://www.cnn.com,"Request (#64): ""https://cdn.cnn.com/cnn/.e1mo/img/4.0/logos/logo_cnn_badge_2up.png"""
http://www.cnn.com,"Request (#65): ""https://cdn.cnn.com//ads/cnni/cnni_homepage.json"""
http://www.cnn.com,"Request (#66): ""https://widgets.outbrain.com/outbrain.js"""
http://www.cnn.com,"Request (#67): ""https://data.cnn.com/jsonp/breaking_news/international.json?callback=CNNBreakingNewsCallback"""
http://www.cnn.com,"Request (#68): ""https://secure-us.imrworldwide.com/cgi-bin/m?ci=us-204044h&cg=0&cc=1&si=https%3A//edition.cnn.com/&rp=&ts=compact&rnd=1544970509726"""
http://www.cnn.com,"Request (#69): ""https://smetrics.cnn.com/b/ss/cnn-adbp-intl/1/H.26.1/s22894138537812?AQB=1&ndh=1&t=16%2F11%2F2018%2016%3A28%3A29%200%20-120&fid=5F62A714321E7444-119F13E7E0C24836&ce=UTF-8&ns=cnn&pageName=cnn%3Ain%3Aedition%3A%2F&g=https%3A%2F%2Fedition.cnn.com%2F&cc=USD&ch=cnn%20homepage&server=edition.cnn.com&events=event26&c5=nvs&v5=D%3Dc5&c8=repeat%3A38&v8=D%3Dc8&c9=nvs&v9=D%3Dc9&c13=section&v13=D%3Dc13&v15=0278&c17=anonymous&v17=D%3Dc17&v22=0&c26=edition.cnn.com%2F&v26=D%3DpageName&v27=D%3Dch&c28=cnn%20homepage%3Anvs&v28=D%3Dc28&v29=edition.cnn.com&c30=cnn%20international&v30=D%3Dc30&c32=adbp%3Aindex&v32=D%3Dc32&c33=adbp%3Anone&v33=D%3Dc33&c35=cnn.41.1-0-0.20181206%3A0&v35=D%3Dc35&c37=desktop&v37=D%3Dc37&c46=15449705093561317357060096&v46=D%3Dc46&c47=5c16610d057c630a3f92ba0015b3452f&v47=D%3Dc47&c56=landscape&v56=D%3Dc56&c57=no%20mvpd%20set&v57=D%3Dc57&c59=no%20mvpd%20set&v59=D%3Dc59&c64=cnn%20news&v64=D%3Dc64&c75=nvs&v75=D%3Dc75&h1=news%7Ccnn%7Ccnn%20international%7Cedition.cnn.com%7Ccnn%20homepage%7Ccnn%20homepage%3Anvs&s=1024x768&c=32&j=1.6&v=N&k=Y&bw=400&bh=300&AQE=1"""
http://www.cnn.com,"Request (#70): ""https://cdn.cnn.com/cnnnext/dam/assets/181210113657-climate-change-investors-exlarge-tease.jpg"""
http://www.cnn.com,"Request (#71): ""https://cdn.cnn.com/cnnnext/dam/assets/181205183205-09-cnn-london-knife-crime-exlarge-tease.jpg"""
http://www.cnn.com,"Request (#72): ""https://cdn.cnn.com/cnnnext/dam/assets/181211125207-01-trump-file-exlarge-tease.jpg"""
http://www.cnn.com,"Request (#73): ""https://edition.cnn.com/.a/2.128.1/assets/sprite-chrome.png"""
http://www.cnn.com,"Request (#74): ""https://edition.i.cdn.cnn.com/.a/fonts/cnn/3.7.2/cnnsans-regular.woff"""
http://www.cnn.com,"Request (#75): ""https://edition.i.cdn.cnn.com/.a/fonts/cnn/3.7.2/cnnsans-medium.woff"""
http://www.cnn.com,"Request (#76): ""https://edition.i.cdn.cnn.com/.a/fonts/cnn/3.7.2/cnnsans-light.woff"""
http://www.cnn.com,"Request (#77): ""https://edition.i.cdn.cnn.com/.a/fonts/cnn/3.7.2/cnnsans-thin.woff"""
http://www.cnn.com,"Request (#78): ""https://edition.i.cdn.cnn.com/.a/fonts/cnn/3.7.2/cnnsans-bold.woff"""
http://www.cnn.com,"Request (#79): ""https://edition.i.cdn.cnn.com/.a/fonts/cnn/3.7.2/cnnsans-heavy.woff"""
http://www.cnn.com,"Request (#80): ""https://edition.i.cdn.cnn.com/.a/fonts/cnn/3.7.2/cnnsans-black.woff"""
http://www.cnn.com,"Request (#81): ""https://edition.i.cdn.cnn.com/.a/fonts/icons/2.4.7/cnn-icons.woff"""
http://www.cnn.com,"Request (#82): ""https://cdn.krxd.net/controltag/teff18ls8.js"""
http://www.cnn.com,"Request (#83): ""https://ib.adnxs.com/ut/v3/prebid"""
http://www.cnn.com,"Request (#84): ""https://ib.adnxs.com/ut/v3/prebid"""
http://www.cnn.com,"Request (#85): ""https://fastlane.rubiconproject.com/a/api/fastlane.json?account_id=11016&site_id=78582&zone_id=650178&size_id=15&p_pos=atf&rf=https%3A%2F%2Fedition.cnn.com%2F&tk_flint=pbjs_lite_v1.32.0&x_source.tid=ce2eceeb-65d5-4989-b12a-897be1ddf50e&p_screen_res=1024x768&rp_floor=0.01&rp_secure=1&slots=1&rand=0.04114800854586065"""
http://www.cnn.com,"Request (#86): ""https://fastlane.rubiconproject.com/a/api/fastlane.json?account_id=11016&site_id=78582&zone_id=650178&size_id=15&p_pos=btf&rf=https%3A%2F%2Fedition.cnn.com%2F&tk_flint=pbjs_lite_v1.32.0&x_source.tid=6d1a90e5-788e-46e9-a59d-a1462d442718&p_screen_res=1024x768&rp_floor=0.01&rp_secure=1&slots=1&rand=0.5749518782831728"""
http://www.cnn.com,"Request (#87): ""https://fastlane.rubiconproject.com/a/api/fastlane.json?account_id=11016&site_id=78582&zone_id=650178&size_id=15&p_pos=btf&rf=https%3A%2F%2Fedition.cnn.com%2F&tk_flint=pbjs_lite_v1.32.0&x_source.tid=b6e02b81-040b-44c9-978f-5cec9d2a0391&p_screen_res=1024x768&rp_floor=0.01&rp_secure=1&slots=1&rand=0.5203190064057708"""
http://www.cnn.com,"Request (#88): ""https://fastlane.rubiconproject.com/a/api/fastlane.json?account_id=11016&site_id=78582&zone_id=650178&size_id=15&p_pos=btf&rf=https%3A%2F%2Fedition.cnn.com%2F&tk_flint=pbjs_lite_v1.32.0&x_source.tid=64c09a7f-77ca-42b2-99e7-c169a865eeb2&p_screen_res=1024x768&rp_floor=0.01&rp_secure=1&slots=1&rand=0.6207458216231316"""
http://www.cnn.com,"Request (#89): ""https://v7.beemray.com/rest/event/web/plain?x-auth-device=1506482574590003590&x-auth-apikey=39a34d8d-dd1d-4fbf-aa96-fdc5f0329451&event=eyJAY2xhc3MiOiJjb20uYmVlbXJheS5ob25leXBvdC50eXBlcy5ldmVudC5FdmVudCIsInRpdGxlIjoiZGZwRXZlbnQiLCJzdGFuZCI6eyJAY2xhc3MiOiJjb20uYmVlbXJheS5ob25leXBvdC50eXBlcy5lbnZpcm9ubWVudC5TdGFuZCIsImxvY2F0aW9uSW5mbyI6eyJAY2xhc3MiOiJjb20uYmVlbXJheS5ob25leXBvdC50eXBlcy5sb2NhdGlvbi5Mb2NhdGlvbkluZm8iLCJsYXQiOjMyLjA2NjYsImxvbiI6MzQuNzY1LCJhY2N1cmFjeSI6MjAwMDAsIm9yaWdpbiI6MSwiYWN0aXZlIjp0cnVlLCJpcCI6IjIxMy41Ny4xMTYuOTQiLCJ2YWxpZCI6dHJ1ZX0sInVzZXJQbGFjZUluZm8iOnsiQGNsYXNzIjoiY29tLmJlZW1yYXkuaG9uZXlwb3QudHlwZXMuaG9tZXdvcmsuVXNlclBsYWNlSW5mbyIsInN0YXRlIjpbXSwicGVyc29uYWxQbGFjZXMiOlt7IkBjbGFzcyI6ImNvbS5iZWVtcmF5LmhvbmV5cG90LnR5cGVzLmhvbWV3b3JrLlBlcnNvbmFsUGxhY2VJbmZvIiwibGF0IjozMi4wNjY1LCJsb24iOjM0Ljc2NSwiZGlzdGFuY2VUbyI6MCwiaGl0cyI6MjEsImxhc3R2aXNpdCI6IjE1NDQ5NzA1MDkifV19LCJkZXZpY2VJbmZvIjp7IkBjbGFzcyI6ImNvbS5iZWVtcmF5LmhvbmV5cG90LnR5cGVzLmVudmlyb25tZW50LkRldmljZUluZm8iLCJvcyI6IldFQiJ9LCJleGVjdXRpb25UaW1lIjoiMjAxOC0xMi0xNiAxNjoyODoyOSIsIndlYkNsaWVudElkIjoiMTUwNjQ4MjU3NDU5MDAwMzU5MCIsInBlcnNvbmFsSW50ZXJlc3RzIjp7IkBjbGFzcyI6ImNvbS5iZWVtcmF5LmhvbmV5cG90LnR5cGVzLmVudmlyb25tZW50LmludGVyZXN0LlBlcnNvbmFsSW50ZXJlc3RzIiwibGlzdCI6W119LCJwZXJzb25hbExhYmVscyI6eyJAY2xhc3MiOiJjb20uYmVlbXJheS5ob25leXBvdC50eXBlcy5lbnZpcm9ubWVudC5sYWJlbC5QZXJzb25hbExhYmVscyIsImxpc3QiOltdfSwicGVyc29uYWxTdGF0dXNlcyI6eyJAY2xhc3MiOiJjb20uYmVlbXJheS5ob25leXBvdC50eXBlcy5lbnZpcm9ubWVudC5zdGF0dXMuUGVyc29uYWxTdGF0dXNlcyIsImxpc3QiOltdfX0sImsiOiIvcmVzdC9ldmVudC93ZWIvcGxhaW4iLCJleHRlcm5hbCI6W119"""
http://www.cnn.com,"Request (#90): ""https://pixel.adsafeprotected.com/services/pub?anId=925660&slot=%7Bid:ad_rect_btf_01,ss:%5B1.2,300.250,300.251%5D,p:/8663477/CNNi/homepage,t:display%7D&slot=%7Bid:ad_rect_btf_02,ss:%5B1.2,300.250,300.252%5D,p:/8663477/CNNi/homepage,t:display%7D&slot=%7Bid:ad_browsi_btf_01,ss:%5B1.1,1.2,300.250,300.252%5D,p:/8663477/CNNi/homepage,t:display%7D&wr=400.300&sr=1024.768&sessionId=82cd8b89-2d80-49fc-0b29-7f3a74f389c9"""
http://www.cnn.com,"Request (#91): ""https://aax.amazon-adsystem.com/e/dtb/bid?src=3288&u=https%3A%2F%2Fedition.cnn.com%2F&pid=2966867308131544970509177&cb=9251127019521544970509775&ws=400x300&v=7.20.00&t=1150&slots=%5B%7B%22sd%22%3A%22ad_rect_atf_01%22%2C%22s%22%3A%5B%22300x250%22%5D%7D%2C%7B%22sd%22%3A%22ad_rect_btf_01%22%2C%22s%22%3A%5B%22300x250%22%5D%7D%2C%7B%22sd%22%3A%22ad_rect_btf_02%22%2C%22s%22%3A%5B%22300x250%22%5D%7D%2C%7B%22sd%22%3A%22ad_browsi_btf_01%22%2C%22s%22%3A%5B%22300x250%22%5D%7D%5D&pj=%7B%22apse%22%3A%7B%22shouldSampleLatency%22%3Afalse%7D%7D&gdprl=%7B%22status%22%3A%22no-cmp%22%7D"""
http://www.cnn.com,"Request (#92): ""https://w.usabilla.com/c3244e3d16ba.js?lv=1"""
http://www.cnn.com,"Request (#93): ""https://assets.bounceexchange.com/assets/tags/versioned/ijs_all_modules_65d9f14af980aa887ef8d4d4054ababd.js"""
http://www.cnn.com,"Request (#94): ""https://cdn.livefyre.com/libs/Livefyre/v1.1.16/builds/1544483518225/Livefyre.min.js"""
http://www.cnn.com,"Request (#95): ""https://cdns.gigya.com/js/gigya.js?apiKey=3_gtUbleJNtrRITgx-1mM_ci7GcIrH8xL9W_VfAbzSa4zpFrRwnpq_eYd8QTRkr7VC"""
http://www.cnn.com,"Request (#96): ""https://cdns.us1.gigya.com/gs/webSdk/Api.aspx?apiKey=3_gtUbleJNtrRITgx-1mM_ci7GcIrH8xL9W_VfAbzSa4zpFrRwnpq_eYd8QTRkr7VC&version=latest#origin=https://edition.cnn.com/&hasGmid=false&gig_loggerConfig=%7B%22logLevel%22%3A0%2C%22clientMuteLevel%22%3A0%2C%22logTheme%22%3A1%7D"""
http://www.cnn.com,"Request (#97): ""https://data.api.cnn.io/weather/weather/citySearch?search_term=netanya"""
http://www.cnn.com,"Request (#98): ""https://bat.bing.com/action/0?ti=5526986&Ver=2&mid=1cf56c5c-c798-b565-c305-c9123805b439&pi=0&lg=en-US&sw=1024&sh=768&sc=32&tl=CNN%20International%20-%20Breaking%20News,%20US%20News,%20World%20News%20and%20Video&p=https%3A%2F%2Fedition.cnn.com%2F&r=&lt=1799&evt=pageLoad&msclkid=N&rn=309740"""
http://www.cnn.com,"Request (#99): ""https://cdn.cookielaw.org/consent/57532588-b33e-4ac1-9ad8-f23937bfbc25.js"""
http://www.cnn.com,"Request (#100): ""https://aax-eu.amazon-adsystem.com/s/iu3?cm3ppd=1&d=dtb-pub&csif=t&dl=sx_ox_dm_pm_an"""
http://www.cnn.com,"Request (#101): ""https://accounts.us1.gigya.com/accounts.webSdkBootstrap?apiKey=3_gtUbleJNtrRITgx-1mM_ci7GcIrH8xL9W_VfAbzSa4zpFrRwnpq_eYd8QTRkr7VC&pageURL=https%3A%2F%2Fedition.cnn.com%2F&format=jsonp&callback=gigya.callback&context=R1544970509960_0.518087332136929"""
http://www.cnn.com,"Request (#102): ""https://ajax.googleapis.com/ajax/libs/jquery/1.11.2/jquery.min.js"""
http://www.cnn.com,"Request (#103): ""https://cdn.cookielaw.org/skins/default_flat_bottom_two_button_black/v2/css/optanon.css"""
http://www.cnn.com,"Request (#104): ""https://t.co/i/adsct?p_id=Twitter&p_user_id=0&txn_id=nyutn&events=%5B%5B%22pageview%22%2Cnull%5D%5D&tw_sale_amount=0&tw_order_quantity=0&tw_iframe_status=0"""
http://www.cnn.com,"Request (#105): ""https://data.api.cnn.io/weather/graphql?query=%7BwsiForecast(locCode%3A%22ISXX0015%22%2Ccelsius%3A%22true%22)%7BcurrentConditions%7Btemperature%2Cdescription%2Cicon%7D%2Clocation%7Bcity%2CstateOrCountry%7D%7D%7D"""
http://www.cnn.com,"Request (#106): ""https://cdn.cnn.com/cnn/.e/img/3.0/weather/weatherIcon_04.png"""
http://www.cnn.com,"Request (#107): ""https://connect.facebook.net/en_US/sdk.js"""
http://www.cnn.com,"Request (#108): ""https://cdn.livefyre.com/libs/fyre.conv/v3.0.0/livefyre.min.js"""
http://www.cnn.com,"Request (#109): ""https://assets.bounceexchange.com/assets/bounce/local_storage_frame10.min.html#340"""
http://www.cnn.com,"Request (#110): ""https://d3qdfnco3bamip.cloudfront.net/wjs/v3.0.1536876161/javascripts/livefyre_base.js"""
http://www.cnn.com,"Request (#111): ""https://cnn.bounceexchange.com/bounce/init1.js?tojQ=function&cts=1544970510447&tzo=-120&is_preview=false&website_id=340&resolution=400x300&referrer=&calling_url=https%3A%2F%2Fedition.cnn.com%2F&visit_cookie=%7B%22lp%22%3A%22https%253A%252F%252Fedition.cnn.com%252F%22%2C%22r%22%3A%22%22%7D&cookie=%7B%22v%22%3A%7B%22completed_signup%22%3Afalse%2C%22last_session_vid%22%3A1544962392054049%2C%22session_count%22%3A1%7D%2C%22sid%22%3A48%2C%22fvt%22%3A1544970434%2C%22vid%22%3A1544962392054049%2C%22ao%22%3A0%2C%22lp%22%3A%22https%253A%252F%252Fedition.cnn.com%252F%22%2C%22as%22%3A0%2C%22vpv%22%3A18%2C%22d%22%3A%22d%22%2C%22r%22%3A%22%22%2C%22cvt%22%3A1544962392%2C%22gcr%22%3A100%2C%22m%22%3A0%2C%22did%22%3A%222633795162192947058%22%2C%22lvt%22%3A1544970434%7D&vars[desktop_ad_visible]=false&vars[mobile_ad_visible]=false&vars[article_page]=false&vars[home_or_section_page]=true&vars[flagship_domain]=false&vars[money_article_page]=false&vars[section_name]=intl_homepage&vars[tos]=false&vars[completed_signup]=false&vars[dfp_exclusion]=false&vars[video_playing]=false&vars[breaking_news_present]=true&vars[money_section_page]=false&vars[max_overlays_reached]=false&vars[spa_event_emitter]=false&vars[money_author]=false&vars[special_article]=false&vars[last_session_vid]=1544962392054049&vars[session_count]=1&vars[backfill_deployment]=&vars[dfp2_detect]=not_ready&cookie_too_large=false&bp=0&etp=[]&pts="""
http://www.cnn.com,"Request (#112): ""https://log.outbrainimg.com/loggerServices/dwce_cheq_events?timestamp=1544970510776&sessionId=f65777af-d484-35ec-611b-b1500a998a2a&url=edition.cnn.com&cheqEvent=0&exitReason=0"""
http://www.cnn.com,"Request (#113): ""https://odb.outbrain.com/utils/get?url=https%3A%2F%2Fedition.cnn.com&settings=true&recs=true&widgetJSId=TR_1&key=NANOWDGT01&idx=0&version=01010805&apv=false&sig=PTKnapHD&format=html&rand=99242&lsd=8d8ef319-a0a0-483d-9eae-b4293032cf20&lsdt=1544962390967&winW=400&winH=300&scrW=1024&scrH=768&adblck=false&secured=true&ref="""
http://www.cnn.com,"Request (#114): ""https://smetrics.cnn.com/b/ss/cnn-adbp-intl/1/H.26.1/s22894138537812?AQB=1&pccr=true&vidn=2E0B30870507FC39-40000109E004F66C&&ndh=1&t=16%2F11%2F2018%2016%3A28%3A29%200%20-120&fid=5F62A714321E7444-119F13E7E0C24836&ce=UTF-8&ns=cnn&pageName=cnn%3Ain%3Aedition%3A%2F&g=https%3A%2F%2Fedition.cnn.com%2F&cc=USD&ch=cnn%20homepage&server=edition.cnn.com&events=event26&c5=nvs&v5=D%3Dc5&c8=repeat%3A38&v8=D%3Dc8&c9=nvs&v9=D%3Dc9&c13=section&v13=D%3Dc13&v15=0278&c17=anonymous&v17=D%3Dc17&v22=0&c26=edition.cnn.com%2F&v26=D%3DpageName&v27=D%3Dch&c28=cnn%20homepage%3Anvs&v28=D%3Dc28&v29=edition.cnn.com&c30=cnn%20international&v30=D%3Dc30&c32=adbp%3Aindex&v32=D%3Dc32&c33=adbp%3Anone&v33=D%3Dc33&c35=cnn.41.1-0-0.20181206%3A0&v35=D%3Dc35&c37=desktop&v37=D%3Dc37&c46=15449705093561317357060096&v46=D%3Dc46&c47=5c16610d057c630a3f92ba0015b3452f&v47=D%3Dc47&c56=landscape&v56=D%3Dc56&c57=no%20mvpd%20set&v57=D%3Dc57&c59=no%20mvpd%20set&v59=D%3Dc59&c64=cnn%20news&v64=D%3Dc64&c75=nvs&v75=D%3Dc75&h1=news%7Ccnn%7Ccnn%20international%7Cedition.cnn.com%7Ccnn%20homepage%7Ccnn%20homepage%3Anvs&s=1024x768&c=32&j=1.6&v=N&k=Y&bw=400&bh=300&AQE=1"""
http://www.cnn.com,"Request (#115): ""https://staticxx.facebook.com/connect/xd_arbiter/r/j-GHT1gpo6-.js?version=43#channel=f3f2a839e8&origin=https%3A%2F%2Fedition.cnn.com"""
http://www.cnn.com,"Request (#116): ""https://sb.scorecardresearch.com/r?c2=6035748&d.c=gif&d.o=cnn-adbp-intl&d.x=165623267&d.t=page&d.u=https%3A%2F%2Fedition.cnn.com%2F"""
http://www.cnn.com,"Request (#117): ""https://sb.scorecardresearch.com/r2?c2=6035748&d.c=gif&d.o=cnn-adbp-intl&d.x=165623267&d.t=page&d.u=https%3A%2F%2Fedition.cnn.com%2F"""
http://www.cnn.com,"Request (#118): ""https://secure-us.imrworldwide.com/cgi-bin/m?ci=us-204044h&cg=0&cc=1&si=https%3A//edition.cnn.com/&rp=&ts=compact&rnd=1544970509726&ja=1"""
http://www.cnn.com,"Request (#119): ""https://rva.outbrain.com/analytics-v1.js"""
http://www.cnn.com,"Request (#120): ""https://revee.outbrain.com/page/view"""
http://www.cnn.com,"Request (#121): ""https://static.chartbeat.com/js/chartbeat_video.js"""
http://www.cnn.com,"Request (#122): ""https://beacon.krxd.net/optout_check?callback=Krux.ns.turnerinternational.kxjsonp_optOutCheck"""
http://www.cnn.com,"Request (#123): ""https://cdn.krxd.net/userdata/get?pub=f3b6d00d-676f-48d8-80ef-2b48af61105e&callback=Krux.ns.turnerinternational.kxjsonp_userdata"""
http://www.cnn.com,"Request (#124): ""https://analytics.twitter.com/i/adsct?p_id=Twitter&p_user_id=0&txn_id=nyutn&events=%5B%5B%22pageview%22%2Cnull%5D%5D&tw_sale_amount=0&tw_order_quantity=0&tw_iframe_status=0&tpx_cb=twttr.conversion.loadPixels&tw_document_href=https%3A%2F%2Fedition.cnn.com%2F"""
http://www.cnn.com,"Request (#125): ""https://www.facebook.com/connect/ping?client_id=80401312489&domain=edition.cnn.com&origin=1&redirect_uri=https%3A%2F%2Fstaticxx.facebook.com%2Fconnect%2Fxd_arbiter%2Fr%2Fj-GHT1gpo6-.js%3Fversion%3D43%23cb%3Df273622758%26domain%3Dedition.cnn.com%26origin%3Dhttps%253A%252F%252Fedition.cnn.com%252Ff3f2a839e8%26relation%3Dparent&response_type=token%2Csigned_request&sdk=joey&version=v2.0"""
http://www.cnn.com,"Request (#126): ""https://tr.outbrain.com/pixel?marketerId=006eb1f8dded486e0974a6b4a7b9805f5f&obApiVersion=1.0.10&name=PAGE_VIEW&dl=https%3A%2F%2Fedition.cnn.com%2F&bust=06775630814954638"""
http://www.cnn.com,"Request (#127): ""https://amplifypixel.outbrain.com/pixel?mid=006eb1f8dded486e0974a6b4a7b9805f5f&dl=https%3A%2F%2Fedition.cnn.com%2F&bust=06775630814954638"""
http://www.cnn.com,"Request (#128): ""https://mabping.chartbeat.net/ping/mab?h=edition.cnn.com&p=%2F&d=edition.cnn.com&u=DQiaEABqDVpU1DdI_&c=0&x=YmhJisqjyQM9C&v=A&ml=m&sl=Dd2ABp&e=-1"""
http://www.cnn.com,"Request (#129): ""https://ping.chartbeat.net/ping?h=edition.cnn.com&p=%2F&u=DQiaEABqDVpU1DdI_&d=edition.cnn.com&g=37612&g0=No%20Section&g1=No%20Author&n=0&f=00001&c=0&x=0&m=0&y=3274&o=400&w=300&j=45&R=1&W=0&I=0&E=0&e=0&r=&b=3946&t=CI72fTBNA3Gp6a46vB-6A13CylC5X&V=109&i=CNN%20International%20-%20Breaking%20News%2C%20US%20News%2C%20World%20News%20and%20Video&tz=-120&sn=1&sv=DE3TWKQVHob-tm0JB-UrZtM9q9f&sd=19&im=067b2ff3&_"""
http://www.cnn.com,"Request (#130): ""https://mabping.chartbeat.net/ping/mab?h=edition.cnn.com&p=%2F&d=edition.cnn.com&u=DQiaEABqDVpU1DdI_&c=0&x=kG2Byts2wpyEz&v=A&ml=m&sl=yHLza&e=-1"""
http://www.cnn.com,"Request (#131): ""https://mabping.chartbeat.net/ping/mab?h=edition.cnn.com&p=%2F&d=edition.cnn.com&u=DQiaEABqDVpU1DdI_&c=0&x=xMxN3eVIlhJTw&v=A&ml=m&sl=C-ZT5e&e=-1"""
http://www.cnn.com,"Request (#132): ""https://mabping.chartbeat.net/ping/mab?h=edition.cnn.com&p=%2F&d=edition.cnn.com&u=DQiaEABqDVpU1DdI_&c=0&me=3&ml=m&x=oYSDv4a06halX"""
http://www.cnn.com,"Request (#133): ""https://mabping.chartbeat.net/ping/mab?h=edition.cnn.com&p=%2F&d=edition.cnn.com&u=DQiaEABqDVpU1DdI_&c=0&me=3&ml=m&x=xqRuvOST7MKkW"""
http://www.cnn.com,"Request (#134): ""https://mabping.chartbeat.net/ping/mab?h=edition.cnn.com&p=%2F&d=edition.cnn.com&u=DQiaEABqDVpU1DdI_&c=0&me=3&ml=m&x=Gt7lsrHQBqu8k"""
http://www.cnn.com,"Request (#135): ""https://mabping.chartbeat.net/ping/mab?h=edition.cnn.com&p=%2F&d=edition.cnn.com&u=DQiaEABqDVpU1DdI_&c=0&me=3&ml=m&x=tAOwPyBcuRQDI"""
http://www.cnn.com,"Request (#136): ""https://log.outbrainimg.com/loggerServices/widgetGlobalEvent?eT=6&tm=966&pid=235&sid=171366&wId=117&wRV=01010805&rId=04ea34d53a44c7c4a1b73fd3f060863a&idx=0&pvId=04ea34d53a44c7c4a1b73fd3f060863a&org=0&pad=0&pVis=0&lsd=8d8ef319-a0a0-483d-9eae-b4293032cf20&eIdx=&cheq=0&ab=0&wl=0"""
http://www.cnn.com,"Request (#137): ""https://beacon.krxd.net/pixel.gif?source=smarttag&fired=report&confid=teff18ls8&_kpid=f3b6d00d-676f-48d8-80ef-2b48af61105e&_kcp_s=CNN%20International%20Edition&_kcp_d=edition.cnn.com&_knifr=9&_kua_kx_tz=-120&geo_country=il&geo_region=ta&_kua_kx_lang=en-us&_kua_kx_tech_browser_language=en-us&_kua_kx_geo_country=il&_kua_kx_geo_region=ta&_kua_kx_tech_browser=Safari&_kua_kx_tech_manufacturer=Other&_kua_kx_tech_device=Computer&_kua_kx_tech_os=Linux&_kua_user_agent=Mozilla%2F5.0%20(Unknown%3B%20Linux%20x86_64)%20AppleWebKit%2F538.1%20(KHTML%2C%20like%20Gecko)%20PhantomJS%2F2.1.1%20Safari%2F538.1&_kua_kx_whistle=0&_kpa_cnn_international_site=cnn_international&_kpa_cnn_international_rollup=homepage&_kpa_cnn_international_lob=news&_kpa_cnn_international_brand=cnn&_kpa_cnn_international_bizunit=cnn%20international&_kpa_cnn_international_sitename=edition.cnn.com&_kpa_cnn_international_sitesectionlevel1=cnn%20homepage&_kpa_cnn_international_sitesectionlevel2=cnn%20homepage%3Anvs&_kpa_meta_keywords=breaking%20news%2C%20news%20online%2C%20U.S.%20news%2C%20world%20news%2C%20developing%20story%2C%20news%20video%2C%20CNN%20news%2C%20weather%2C%20business%2C%20money%2C%20politics%2C%20law%2C%20technology%2C%20entertainment%2C%20education%2C%20travel%2C%20health%2C%20special%20reports%2C%20autos%2C%20CNN%20TV&_kpa_domain=cnn.com&t_navigation_type=0&t_dns=0&t_tcp=0&t_http_request=-1&t_http_response=502&t_content_ready=1795&t_window_load=3946&t_redirect=0&interchange_ran=false&userdata_was_requested=true&userdata_did_respond=true&store_user_after=tlpvvduxt&_kurl_=https%3A%2F%2Fedition.cnn.com&userdata_user=MZCVXeRP%2Ctlpvvduxt&sview=1&kplt0=37163&kplt1=38056&kplt2=38449&kplt3=38581&kplt4=37159&jsonp_requests=https%3A%2F%2Fconsumer.krxd.net%2Fconsent%2Fget%2Ff3b6d00d-676f-48d8-80ef-2b48af61105e%2C354%2Chttps%3A%2F%2Fbeacon.krxd.net%2Foptout_check%2CNaN%2Chttps%3A%2F%2Fcdn.krxd.net%2Fuserdata%2Fget%2C144"""
http://www.cnn.com,"Request (#138): ""https://securepubads.g.doubleclick.net/gampad/ads?gdfp_req=1&pvsid=1767233421312000&correlator=1570355930988544&output=json_html&callback=googletag.impl.pubads.callbackProxy1&impl=fifs&adsid=NT&json_a=1&eid=21061865%2C21062749%2C21062501&vrg=285&guci=2.2.0.0.2.2.0.0&plat=1%3A8%2C2%3A8&sc=1&sfv=1-0-31&iu_parts=8663477%2CCNNi%2Chomepage%2Clanding%2Cpushdown&enc_prev_ius=%2F0%2F1%2F2%2C%2F0%2F1%2F2%2F3%2F4%2C%2F0%2F1%2F2%2C%2F0%2F1%2F2&prev_iu_szs=1x2%7C1x1%2C1x2%7C1x1%2C1x1%2C1x2%7C1x1&ists=3&prev_scp=pos%3Dbnr_atf_01%7Cpos%3Dbnr_atf_02%7Cpos%3Doop_float_01%7Cpos%3Doop_float_02&eri=1&cust_params=iom_geo%3DEU%26transId%3D15449705093561317357060096%26prx_to%3D1%26hbg%3DEU%26guid%3D5c16610d057c630a3f92ba0015b3452f%26fr%3Dfalse%26adt%3DveryLow%26alc%3DveryLow%26dlm%3DveryLow%26drg%3DveryLow%26hat%3DveryLow%26off%3DveryLow%26vio%3Dlow%26protocol%3Dssl%26refdom%3Dother%26npa%3D0&cookie_enabled=1&bc=1&lmt=1544963311&dt=1544970511955&dlt=1544970508407&idt=1458&frm=20&biw=400&bih=300&oid=3&adxs=0%2C0%2C0%2C0&adys=0%2C0%2C0%2C0&adks=2868071504%2C2768634844%2C953993490%2C2898130019&ucis=1%7C2%7C3%7C4&ifi=1&u_tz=120&u_his=1&u_h=768&u_w=1024&u_ah=768&u_aw=1024&u_cd=32&u_sd=1&flash=0&url=https%3A%2F%2Fedition.cnn.com%2F&dssz=73&icsg=2814749771087872&vis=1&scr_x=0&scr_y=0&psz=400x-1%7C400x-1%7C400x-1%7C400x-1&msz=0x-1%7C0x-1%7C0x-1%7C73x-1&ga_vid=303737252.1544970512&ga_sid=1544970512&ga_hid=1917852673&fws=128%2C128%2C128%2C128"""
http://www.cnn.com,"Request (#139): ""https://securepubads.g.doubleclick.net/gpt/pubads_impl_rendering_285.js"""
http://www.cnn.com,"Request (#140): ""https://tpc.googlesyndication.com/safeframe/1-0-31/html/container.html"""
http://www.cnn.com,"Request (#141): ""https://securepubads.g.doubleclick.net/pcs/view?xai=AKAOjssl0pOZN5huyslQRWdq0nTmK8RQxoH5FhDsLWlWQy-xH-7KxPFTpqJNT7BIK822NT6DGzvJCxAgVYGKzF3bZsVxceHTveCKwjuVDkWSjg4KthYSCd2V9sm8cENbGNGe8q_LzVj3VdeUWyivsittIfJbt_XllcRHNCEmlIFRuU76-Sb2Rx-FSd2Q1QRNAPrfkQQlzMrkG4A2QBQg6lv3uS-GW4q8Yb1KPMuCAiu8moWS36HUf3oFh9nRzT7p&sai=AMfl-YTFzb3FL4Qwps-qRx2O3q3wD1l6n1c4dJdJbNb8HXTENBpOWoofwZ1n5enMtHrSaiYjUxlLTSSZmO0Gk5ajYkY_lPWa_CjRYo8y3hhLEg&sig=Cg0ArKJSzAYi0mGStINoEAE&adurl="""
http://www.cnn.com,"Request (#142): ""https://tpc.googlesyndication.com/pagead/js/r20181205/r20110914/client/ext/m_window_focus_non_hydra.js"""
http://www.cnn.com,"Request (#143): ""https://www.googletagservices.com/activeview/js/current/osd_listener.js?cache=r20110914"""
http://www.cnn.com,"Request (#144): ""https://z.moatads.com/turnerdfpcwrefresh475219962180/moatad.js#moatClientLevel1=38600317&moatClientLevel2=265617637&moatClientLevel3=103631077&moatClientLevel4=64168752997&moatClientSlicer1=/8663477/CNNi/homepage&moatClientSlicer2=52125397&zMoatTEAM=&zMoatSOC=&zMoatHT=2&zMoatPS=bnr_atf_01&zMoatPG=&zMoatWD=1&zMoatAPP=&zMoatST=&zMoatBUZ=&zMoatISAPP=&zMoatMGV=&zMoatMMV=&zMoatMData=&zMoatMSafety="""
http://www.cnn.com,"Request (#145): ""https://pagead2.googlesyndication.com/pagead/osd.js"""
http://www.cnn.com,"Request (#146): ""https://tpc.googlesyndication.com/simgad/17383650153277318028"""
http://www.cnn.com,"Request (#147): ""https://revee.outbrain.com/page/view"""
http://www.cnn.com,"Request (#148): ""https://pixel.adsafeprotected.com/jload?anId=925660&campId=1x2&pubId=38600317&chanId=52125397&placementId=103631077&pubCreative=64168752997&pubOrder=265617637&cb=1534525211&adsafe_par&impId=&custom=bnr_atf_01&custom2=&custom3="""
http://www.cnn.com,"Request (#149): ""https://geo.moatads.com/n.js?e=35&ud=3&qn=(%2BIb%7Cj8o%3FJ(jkkeL07ta_*JRM!6t9B%2CN%3Ey)%2ChXbvU37_*NhSfBghz%5D)CiKe%5EFZ.Ua8VC8p%3D%2F3%25x%23%3Fa%3Bi%3C%3FdKHapzrIw(%60*MVu%2Fs1%60%3CTZ7%25%40qwMoI3%2B%3BggqhB3U4(%5B*rUo8~W(k_GUK%5Er%2BWjk3M%3DKz%5D6WAJN3NZ_h%23l%3DKO%5B.%22%24b_o%3Ft2wW0uCTpj%2Fob3W)%22%7BZ4%5Du!x29&qp=00010&is=BBBBBBB5BBCBBBBBBBBBBCCCBBBBBCCCcB7BBBCBBCBBBCCCCBBBCg4BCFCRCBOZBBBSBBBBBBBBBBBBBBBBBBCBipBBCBBmBBBCBBBBBBBxCCBBqCv1CfCCJiMeiCCCCCCCCVMCBBBBBBBBQBBBeBBBBBBBBBBBBBBBBBBBBBBBBBBBBCCEB5BBC9CBBBCpnICyRBBBBBBBBBBBBBBBC9ThFF3cBBBCBBBBBBB7BBdBz1BCBBPBBpCBJUBBBBBBICCCCCCCCCDDDDCCCBBh2eBBBGI57kNBBBBoBBByseBBBBB&iv=6&qt=1&gz=0&hh=0&hn=0&tw=%3FCO%2B%26k%7C%2FAD&qc=0&qd=0&qf=400&qe=300&qh=400&qg=300&qm=-120&qa=0&qb=0&qi=0&qj=0&qr=0&i=TURNERDFP1&hp=1&cm=46&kq=1&hq=1&hs=0&hu=0&hr=0&ht=0&dnt=0&bq=0&f=0&j=&o=3&t=1544970512497&de=885524286655&m=0&ar=25edf8a-clean&q=2&cb=0&cu=1544970512497&ll=1&lm=0&ln=1&r=0&em=0&en=0&d=38600317%3A265617637%3A103631077%3A64168752997&zMoatMGV_MAX=na&zMoatMMV_MAX=na&zMoatPS=bnr_atf_01&zMoatHT=2&zMoatWD=1&zMoatCURL=edition.cnn.com&zMoatDev=Desktop&zMoatPLATFORM=desktop&zMoatRetail=true&zMoatPSB=bnr_atf_01&zMoatAdUnitRetail=true&zMoatOrigSlicer1=%2F8663477%2FCNNi%2Fhomepage&zMoatOrigSlicer2=52125397&gptMoat_pos=bnr_atf_01&qs=1&zGSRC=1&gu=https%3A%2F%2Fedition.cnn.com%2F&bo=%2F8663477%2FCNNi%2Fhomepage&bp=52125397&bd=bnr_atf_01&zMoatAltSL=zMoatAdUnit1%3AzMoatAdUnit2%3AzMoatPS&dfp=0%2C4&la=52125397&gw=turnerdfpcwrefresh475219962180&fd=1&ac=1&it=500&fs=157319&na=1096985049&cs=0&callback=MoatSuperV26.gna722231"""
http://www.cnn.com,"Request (#150): ""https://geo.moatads.com/n.js?e=35&ud=3&qn=(%2BIb%7Cj8o%3FJ(jkkeL07ta_*JRM!6t9B%2CN%3Ey)%2ChXbvU37_*NhSfBghz%5D)CiKe%5EFZ.Ua8VC8p%3D%2F3%25x%23%3Fa%3Bi%3C%3FdKHapzrIw(%60*MVu%2Fs1%60%3CTZ7%25%40qwMoI3%2B%3BggqhB3U4(%5B*rUo8~W(k_GUK%5Er%2BWjk3M%3DKz%5D6WAJN3NZ_h%23l%3DKO%5B.%22%24b_o%3Ft2wW0uCTpj%2Fob3W)%22%7BZ4%5Du!x29&qp=00010&is=BBBBBBB5BBCBBBBBBBBBBCCCBBBBBCCCcB7BBBCBBCBBBCCCCBBBCg4BCFCRCBOZBBBSBBBBBBBBBBBBBBBBBBCBipBBCBBmBBBCBBBBBBBxCCBBqCv1CfCCJiMeiCCCCCCCCVMCBBBBBBBBQBBBeBBBBBBBBBBBBBBBBBBBBBBBBBBBBCCEB5BBC9CBBBCpnICyRBBBBBBBBBBBBBBBC9ThFF3cBBBCBBBBBBB7BBdBz1BCBBPBBpCBJUBBBBBBICCCCCCCCCDDDDCCCBBh2eBBBGI57kNBBBBoBBByseBBBBB&iv=6&qt=1&gz=0&hh=0&hn=0&tw=%3FCO%2B%26k%7C%2FAD&qc=0&qd=0&qf=400&qe=300&qh=400&qg=300&qm=-120&qa=0&qb=0&qi=0&qj=0&qr=0&i=TURNERDFP1&hp=1&cm=46&kq=1&hq=1&hs=0&hu=0&hr=0&ht=0&dnt=0&bq=0&f=0&j=&o=3&t=1544970512497&de=885524286655&m=0&ar=25edf8a-clean&q=3&cb=0&cu=1544970512497&ll=1&lm=0&ln=1&r=0&em=0&en=0&d=38600317%3A265617637%3A103631077%3A64168752997&zMoatMGV_MAX=na&zMoatMMV_MAX=na&zMoatPS=bnr_atf_01&zMoatHT=2&zMoatWD=1&zMoatCURL=edition.cnn.com&zMoatDev=Desktop&zMoatPLATFORM=desktop&zMoatRetail=true&zMoatPSB=bnr_atf_01&zMoatAdUnitRetail=true&zMoatOrigSlicer1=%2F8663477%2FCNNi%2Fhomepage&zMoatOrigSlicer2=52125397&gptMoat_pos=bnr_atf_01&qs=1&zGSRC=1&gu=https%3A%2F%2Fedition.cnn.com%2F&bo=%2F8663477%2FCNNi%2Fhomepage&bp=52125397&bd=bnr_atf_01&zMoatAltSL=zMoatAdUnit1%3AzMoatAdUnit2%3AzMoatPS&dfp=0%2C4&la=52125397&gw=turnerdfpcwrefresh475219962180&fd=1&ac=1&it=500&fs=157319&na=1385821030&cs=0&callback=MoatDataJsonpRequest"""
http://www.cnn.com,"Request (#151): ""https://static.adsafeprotected.com/main.17.4.163.js"""
http://www.ynet.co.il,"Request (#152): ""https://events.bouncex.net/track.gif/endpageview?pageview:url=https%253A%252F%252Fedition.cnn.com%252F&pageview:customvariables=%7B%22desktop_ad_visible%22%3Afalse%2C%22mobile_ad_visible%22%3Afalse%2C%22article_page%22%3Afalse%2C%22home_or_section_page%22%3Atrue%2C%22flagship_domain%22%3Afalse%2C%22money_article_page%22%3Afalse%2C%22section_name%22%3A%22intl_homepage%22%2C%22tos%22%3Atrue%2C%22completed_signup%22%3Afalse%2C%22dfp_exclusion%22%3Afalse%2C%22video_playing%22%3Afalse%2C%22breaking_news_present%22%3Atrue%2C%22money_section_page%22%3Afalse%2C%22max_overlays_reached%22%3Afalse%2C%22spa_event_emitter%22%3Afalse%2C%22money_author%22%3Afalse%2C%22special_article%22%3Afalse%2C%22last_session_vid%22%3A1544962392054049%2C%22session_count%22%3A1%2C%22backfill_deployment%22%3A%22%22%2C%22dfp2_detect%22%3A%22not_ready%22%7D&pageview:event=beforeunload&perf:times=%7B%22startTime%22%3A1544970507675%2C%22tag%22%3A2707%2C%22init1request%22%3A2772%2C%22init1%22%3A3646%7D&mode=0&websiteid=340&visitid=1544962392054049&deviceid=2633795162192947058&pageviewid=19&sequenceid=49&clienttimestamp=1544970513234&clientapiversion=tag3&device=d&source=web&agent=user"""
http://www.ynet.co.il,"Request (#153): ""http://www.ynet.co.il/"""
http://www.ynet.co.il,"Request (#154): ""https://www.ynet.co.il/"""
http://www.ynet.co.il,"Request (#155): ""https://www.ynet.co.il/home/0,7340,L-8,00.html"""
http://www.ynet.co.il,"Request (#156): ""https://www.summerhamster.com/bcn?fe=1544970513467&y=2.0.1012&elg=596437675&flg=328&x=hglwlrq.fqq.frp%2F&vqwo=1&g2=-1%3A%3A-1%3A%3A-1%3A%3A-1%3A%3A-1"""
http://www.ynet.co.il,"Request (#157): ""https://pagead2.googlesyndication.com/pcs/activeview?xai=AKAOjsuq3FZZq9fn8X1KUhAPS_dRsMXYtMc8TzQLBuT68TmwXDnVI9OTUPYg6tF-vWtSfWLisVNIDAkmYpogYA28RN513Hy77Q-VTanOzFA&sig=Cg0ArKJSzAfuzRxK0p6QEAE&adk=2868071504&tt=689&bs=400%2C300&mtos=0,0,0,0,0&tos=0,0,0,0,0&p=0,0,0,0&mcvt=0&rs=3&ht=0&mc=0&lte=-1&bas=0&bac=0&avms=geo&rst=1544970512282&rpt=460&isd=0&msd=0&lm=2&oseid=3&ps=400%2C3294&ss=1024%2C768&pt=17&deb=1-1-1-12-8-17-8-6&tvt=691&r=u&id=osdim&uc=6&upc=11&tgt=DIV&cl=1&cec=5&clc=0&cac=0&cd=1x5&v=20181207"""
http://www.ynet.co.il,"Request (#158): ""https://www.ynet.co.il/Common/Api/Scripts/paywall.js"""
http://www.ynet.co.il,"Request (#159): ""https://www.promisejs.org/polyfills/promise-7.0.4.min.js"""
http://www.ynet.co.il,"Request (#160): ""https://www.ynet.co.il/Common/Api/Scripts/jquery-1.4.2.min.js"""
http://www.ynet.co.il,"Request (#161): ""https://www.ynet.co.il/novgnpre/Common/Api/StaticFile/CmmApiStaticFileInclude/0,14179,generator-homepage-css-v530,00.css"""
http://www.ynet.co.il,"Request (#162): ""https://www.ynet.co.il/novgnpre/Common/Api/StaticFile/CmmApiStaticFileInclude/0,14179,generator-homepage-js_top-v506,00.js"""
http://www.ynet.co.il,"Request (#163): ""https://www.ynet.co.il/dc/dcLoadAds/0,12803,,00.js"""
http://www.ynet.co.il,"Request (#164): ""https://totalmedia2.ynet.co.il/gpt/gpt_script_ynet.js"""
http://www.ynet.co.il,"Request (#165): ""https://totalmedia2.ynet.co.il/gpt/gpt_templates.js"""
http://www.ynet.co.il,"Request (#166): ""https://server.exposebox.com/dmp.js?c=17"""
http://www.ynet.co.il,"Request (#167): ""https://server.exposebox.com/dmp/categories?c=17"""
http://www.ynet.co.il,"Request (#168): ""https://www.ynet.co.il/novgnpre/Common/Api/StaticFile/CmmApiStaticFileInclude/0,14179,sprites-homepage-css-v39,00.css"""
http://www.ynet.co.il,"Request (#169): ""https://www.ynet.co.il/novgnpre/Common/Api/StaticFile/CmmApiStaticFileInclude/0,14179,sprites-media_icons-css-v4,00.css"""
http://www.ynet.co.il,"Request (#170): ""https://www.google.com/recaptcha/api.js?hl=iw"""
http://www.ynet.co.il,"Request (#171): ""https://www.ynet.co.il/ext/Common/Api/Video/CmmLightboxPlayerJs_1024/0,14272,191114174849,00.js"""
http://www.ynet.co.il,"Request (#172): ""https://www.ynet.co.il/common/javascript/ads.js"""
http://www.ynet.co.il,"Request (#173): ""https://www.ynet.co.il/common/javascript/jquery.colorbox.js"""
http://www.ynet.co.il,"Request (#174): ""https://www.ynet.co.il/images/articlepiclightbox/colorbox_homepage.css"""
http://www.ynet.co.il,"Request (#175): ""https://upapi.net/pb/ex?w=5693168230072320&uponit=true"""
http://www.ynet.co.il,"Request (#176): ""https://stackpath.bootstrapcdn.com/font-awesome/4.7.0/css/font-awesome.min.css"""
http://www.ynet.co.il,"Request (#177): ""https://www.ynet.co.il/Common/Api/Scripts/youtube/youtube.css?v=0.6"""
http://www.ynet.co.il,"Request (#178): ""https://www.ynet.co.il/Common/Api/Scripts/youtube/youtube.js?v=0.6"""
http://www.ynet.co.il,"Request (#179): ""https://js.nagich.co.il/accessibility.js"""
http://www.ynet.co.il,"Request (#180): ""https://mediadownload.ynet.co.il/fp3218/flowplayer-3.2.13.min.js"""
http://www.ynet.co.il,"Request (#181): ""https://www.ynet.co.il/Cmn/App/Video/CmmAppVideoApi_Js/0,13777,280716135620,00.html"""
http://www.ynet.co.il,"Request (#182): ""https://www.ynet.co.il/Cmn/App/Video/CmmAppVideoApi_Js_Content/0,13943,280716135620,00.html"""
http://www.ynet.co.il,"Request (#183): ""https://www.ynet.co.il/common/api/scripts/head.load.min.js"""
http://www.ynet.co.il,"Request (#184): ""https://www.ynet.co.il/novgnpre/Common/Api/StaticFile/CmmApiStaticFileInclude/0,14179,generator-homepage-js-v530,00.js"""
http://www.ynet.co.il,"Request (#185): ""https://d1clufhfw8sswh.cloudfront.net/id.js?accountId=7328841"""
http://www.ynet.co.il,"Request (#186): ""https://sdk.jeeng.com/v2.js"""
http://www.ynet.co.il,"Request (#187): ""https://www.ynet.co.il/Common/Api/Scripts/gdpr/cookieconsent.min.css"""
http://www.ynet.co.il,"Request (#188): ""https://www.ynet.co.il/Common/Api/Scripts/gdpr/cookieconsent.min.js"""
http://www.ynet.co.il,"Request (#189): ""https://mrb.upapi.net/code?w=5693168230072320&uponit=true"""
http://www.ynet.co.il,"Request (#190): ""https://cdn.taboola.com/libtrc/ynet-ynet-/loader.js"""
http://www.ynet.co.il,"Request (#191): ""https://adservice.google.co.il/adsid/integrator.js?domain=www.ynet.co.il"""
http://www.ynet.co.il,"Request (#192): ""https://adservice.google.com/adsid/integrator.js?domain=www.ynet.co.il"""
http://www.ynet.co.il,"Request (#193): ""https://d2xerlamkztbb1.cloudfront.net/19760981-ca36/3/widget.js"""
http://www.ynet.co.il,"Request (#194): ""https://www.gstatic.com/recaptcha/api2/v1543818755456/recaptcha__iw.js"""
http://www.ynet.co.il,"Request (#195): ""https://ecdn.firstimpression.io/fi_client.js"""
http://www.ynet.co.il,"Request (#196): ""https://ad.doubleclick.net/favicon.ico?ad=300x250&ad_box_=1&adnet=1&showad=1&size=250x250"""
http://www.ynet.co.il,"Request (#197): ""https://static.criteo.net/images/pixel.gif?ch=1&uponit=true"""
http://www.ynet.co.il,"Request (#198): ""https://www.ynet.co.il/images/popup_msg_block.jpg"""
http://www.ynet.co.il,"Request (#199): ""https://images1.ynet.co.il/PicServer4/2015/08/31/6268380/news.png"""
http://www.ynet.co.il,"Request (#200): ""https://www.ynet.co.il/images/CENTRAL_1024_ynet_logo.png"""
http://www.ynet.co.il,"Request (#201): ""https://www.ynet.co.il/images/browserversion/IE.png"""
http://www.ynet.co.il,"Request (#202): ""https://www.ynet.co.il/images/browserversion/edge.png"""
http://www.ynet.co.il,"Request (#203): ""https://www.ynet.co.il/images/browserversion/chrome.png"""
http://www.ynet.co.il,"Request (#204): ""https://www.ynet.co.il/images/browserversion/FF.png"""
http://www.ynet.co.il,"Request (#205): ""https://www.ynet.co.il/images/topstory_date_digit_v4_1.png"""
http://www.ynet.co.il,"Request (#206): ""https://www.ynet.co.il/images/topstory_date_digit_v4_6.png"""
http://www.ynet.co.il,"Request (#207): ""https://www.ynet.co.il/images/topstory_date_v4_dot.png"""
http://www.ynet.co.il,"Request (#208): ""https://www.ynet.co.il/images/topstory_date_digit_v4_2.png"""
http://www.ynet.co.il,"Request (#209): ""https://www.ynet.co.il/images/topstory_date_digit_v4_8.png"""
http://www.ynet.co.il,"Request (#210): ""https://www.ynet.co.il/images/mainsearch_ynet_radio.png"""
http://www.ynet.co.il,"Request (#211): ""https://www.ynet.co.il/images/mainsearch_sep.png"""
http://www.ynet.co.il,"Request (#212): ""https://www.ynet.co.il/images/Accessibility_button.png"""
http://www.ynet.co.il,"Request (#213): ""https://www.ynet.co.il/images/small_play_new.png"""
http://www.ynet.co.il,"Request (#214): ""https://www.ynet.co.il/images/ynet_tv/mainlogo.png"""
http://www.ynet.co.il,"Request (#215): ""https://www.ynet.co.il/images/ynet_tv/arrow.png"""
http://www.ynet.co.il,"Request (#216): ""https://www.ynet.co.il/images/zoom80.png"""
http://www.ynet.co.il,"Request (#217): ""https://www.ynet.co.il/images/ynet_tv/paly_icon.png"""
http://www.ynet.co.il,"Request (#218): ""https://www.ynet.co.il/images/ynet_tv/X_but.png"""
http://www.ynet.co.il,"Request (#219): ""https://www.ynet.co.il/images/ynet_tv/left_arrow.png"""
http://www.ynet.co.il,"Request (#220): ""https://www.ynet.co.il/images/ynet_tv/right_arrow.png"""
http://www.ynet.co.il,"Request (#221): ""https://www.ynet.co.il/PicServer5/2018/12/16/8947087/89428890100085640360no.jpg"""
http://www.ynet.co.il,"Request (#222): ""https://www.ynet.co.il/PicServer5/2018/12/15/8945528/8945435099588640360no.jpg"""
http://www.ynet.co.il,"Request (#223): ""https://www.ynet.co.il/PicServer5/2018/12/13/8941976/89415190991085640360no.jpg"""
http://www.ynet.co.il,"Request (#224): ""https://www.ynet.co.il/PicServer5/2018/12/09/8932712/89327090990100640360no.jpg"""
http://www.ynet.co.il,"Request (#225): ""https://www.ynet.co.il/images/marketingCrsl_arrow_right.png"""
http://www.ynet.co.il,"Request (#226): ""https://www.ynet.co.il/images/marketingCrsl_arrow_left.png"""
http://www.ynet.co.il,"Request (#227): ""https://www.ynet.co.il/images/small_icon_video.png"""
http://www.ynet.co.il,"Request (#228): ""https://www.ynet.co.il/images/twitter_ico.png"""
http://www.ynet.co.il,"Request (#229): ""https://www.ynet.co.il/images/instagram_ico.png"""
http://www.ynet.co.il,"Request (#230): ""https://www.ynet.co.il/images/in_ico.png"""
http://www.ynet.co.il,"Request (#231): ""https://www.ynet.co.il/images/facebook_ico.png"""
http://www.ynet.co.il,"Request (#232): ""https://www.ynet.co.il/images/xnet/teaser/channel10.png"""
http://www.ynet.co.il,"Request (#233): ""https://www.ynet.co.il/images/xnet/teaser/channel2.png"""
http://www.ynet.co.il,"Request (#234): ""https://www.ynet.co.il/images/xnet/teaser/channel4.png"""
http://www.ynet.co.il,"Request (#235): ""https://images1.ynet.co.il/PicServer4/2015/08/31/6268359/econom_-_Copy.png"""
http://www.ynet.co.il,"Request (#236): ""https://images1.ynet.co.il/PicServer4/2015/08/31/6268384/sport_-_Copy.png"""
http://www.ynet.co.il,"Request (#237): ""https://images1.ynet.co.il/PicServer4/2015/08/31/6268356/culture.png"""
http://www.ynet.co.il,"Request (#238): ""https://images1.ynet.co.il/PicServer3/2014/04/02/5249099/1.png"""
http://www.ynet.co.il,"Request (#239): ""https://images1.ynet.co.il/PicServer4/2015/08/31/6268368/health.png"""
http://www.ynet.co.il,"Request (#240): ""https://images1.ynet.co.il/PicServer4/2015/08/31/6268357/digital_-_Copy.png"""
http://www.ynet.co.il,"Request (#241): ""https://images1.ynet.co.il/PicServer4/2015/08/31/6268370/Judaism_-_Copy.png"""
http://www.ynet.co.il,"Request (#242): ""https://images1.ynet.co.il/PicServer4/2015/08/31/6268351/car.png"""
http://www.ynet.co.il,"Request (#243): ""https://images1.ynet.co.il/PicServer4/2015/08/31/6268396/vacation.png"""
http://www.ynet.co.il,"Request (#244): ""https://images1.ynet.co.il/PicServer4/2015/08/31/6268365/food.png"""
http://www.ynet.co.il,"Request (#245): ""https://images1.ynet.co.il/PicServer4/2015/08/31/6268354/consumerism.png"""
http://www.ynet.co.il,"Request (#246): ""https://images1.ynet.co.il/PicServer4/2015/08/31/6268352/career.png"""
http://www.ynet.co.il,"Request (#247): ""https://images1.ynet.co.il/PicServer5/2018/08/21/8729297/sviva.png"""
http://www.ynet.co.il,"Request (#248): ""https://images1.ynet.co.il/PicServer4/2015/08/31/6268382/relation.png"""
http://www.ynet.co.il,"Request (#249): ""https://images1.ynet.co.il/PicServer4/2015/09/01/6269114/parents.png"""
http://www.ynet.co.il,"Request (#250): ""https://images1.ynet.co.il/PicServer4/2015/08/31/6268372/meoravut.png"""
http://www.ynet.co.il,"Request (#251): ""https://images1.ynet.co.il/PicServer5/2018/10/04/8803941/banana.png"""
http://www.ynet.co.il,"Request (#252): ""https://images1.ynet.co.il/PicServer5/2017/09/26/8056578/logo.png"""
http://www.ynet.co.il,"Request (#253): ""https://images1.ynet.co.il/PicServer5/2018/06/21/8608013/shops.png"""
http://www.ynet.co.il,"Request (#254): ""https://images1.ynet.co.il/PicServer4/2016/03/07/6863192/banana.png"""
http://www.ynet.co.il,"Request (#255): ""https://images1.ynet.co.il/PicServer4/2015/08/31/6268349/big.png"""
http://www.ynet.co.il,"Request (#256): ""https://images1.ynet.co.il/PicServer5/2018/10/24/8841475/hot_n.png"""
http://www.ynet.co.il,"Request (#257): ""https://images1.ynet.co.il/PicServer4/2015/10/21/6572117/evrit.png"""
http://www.ynet.co.il,"Request (#258): ""https://images1.ynet.co.il/PicServer4/2015/09/01/6269067/winwin.png"""
http://www.ynet.co.il,"Request (#259): ""https://images1.ynet.co.il/PicServer4/2015/10/21/6572118/AllJobs3.png"""
http://www.ynet.co.il,"Request (#260): ""https://images1.ynet.co.il/PicServer5/2017/02/07/7571893/7563946492280autoresize.jpg"""
http://www.ynet.co.il,"Request (#261): ""https://images1.ynet.co.il/PicServer5/2018/12/16/8947094/894689915588autoresize.jpg"""
http://www.ynet.co.il,"Request (#262): ""https://images1.ynet.co.il/PicServer5/2018/12/16/8946923/894657715588autoresize.jpg"""
http://www.ynet.co.il,"Request (#263): ""https://images1.ynet.co.il/PicServer5/2018/12/16/8946856/894670315588autoresize.jpg"""
http://www.ynet.co.il,"Request (#264): ""https://images1.ynet.co.il/PicServer5/2018/12/16/8947049/894167315588autoresize.jpg"""
http://www.ynet.co.il,"Request (#265): ""https://images1.ynet.co.il/PicServer5/2018/12/16/8946858/ynetpic.jpg"""
http://www.ynet.co.il,"Request (#266): ""https://images1.ynet.co.il/PicServer5/2018/12/16/8947041/894703040673764183103no.jpg"""
http://www.ynet.co.il,"Request (#267): ""https://images1.ynet.co.il/PicServer5/2018/12/16/8946848/small.jpg"""
http://www.ynet.co.il,"Request (#268): ""https://images1.ynet.co.il/PicServer4/2016/05/30/7036009/06.jpg"""
http://www.ynet.co.il,"Request (#269): ""https://images1.ynet.co.il/PicServer4/2016/05/08/6989888/05.png"""
http://www.ynet.co.il,"Request (#270): ""https://www.ynet.co.il/images/xnet/teaser/channel7.png"""
http://www.ynet.co.il,"Request (#271): ""https://www.ynet.co.il/images/arrow_white_1.png"""
http://www.ynet.co.il,"Request (#272): ""https://www.ynet.co.il/images/logo_rishon_1.png"""
http://www.ynet.co.il,"Request (#273): ""https://www.ynet.co.il/images/logo_PT_1.png"""
http://www.ynet.co.il,"Request (#274): ""https://www.ynet.co.il/images/logo_natania_1.png"""
http://www.ynet.co.il,"Request (#275): ""https://www.ynet.co.il/images/logo_holon_1.png"""
http://www.ynet.co.il,"Request (#276): ""https://www.googletagmanager.com/gtm.js?id=GTM-T6Q59G"""
http://www.ynet.co.il,"Request (#277): ""https://securepubads.g.doubleclick.net/gampad/ads?gdfp_req=1&pvsid=4497002148659200&correlator=2960850441732096&output=json_html&callback=googletag.impl.pubads.callbackProxy1&impl=fifs&adsid=NT&json_a=1&vrg=285&guci=2.2.0.0.2.2.0.0&plat=1%3A8%2C2%3A8&sc=1&sfv=1-0-31&iu_parts=6870%2Cynt.top.Central%2Cynt.ozen.right.Central&enc_prev_ius=%2F0%2F1%2C%2F0%2F2&prev_iu_szs=1x1%7C1x2%7C970x90%7C970x250%7C1000x200%7C970x130%7C970x350%7C970x100%2C1x1&cust_params=ynfi%3D0%26dckw%3D0%26ngch%3D0%26yrca%3D0%26dcTag%3D0%26ynch%3D8.Central-1.Home%26dcPath%3D8.Central-1.Home%26dccg%3Dhome%26ynvc%3D0%26yd%3D0%26callType%3DGPT%26dcsch%3Dnull%26dccw%3Dhigh_res%26dcsw%3D1024%26dcunigpt%3Dview1%26charset%3DUTF-8&cookie_enabled=1&bc=1&abxe=1&lmt=1544963228&dt=1544970514541&dlt=1544970513476&idt=476&frm=20&biw=400&bih=300&oid=3&adxs=-9%2C399&adys=-9%2C11&adks=563169361%2C1334469181&ucis=1%7C2&ifi=1&u_tz=120&u_his=2&u_h=768&u_w=1024&u_ah=768&u_aw=1024&u_cd=32&u_sd=1&flash=0&url=https%3A%2F%2Fwww.ynet.co.il%2Fhome%2F0%2C7340%2CL-8%2C00.html&dssz=51&icsg=14015183178995&csl=192&vis=1&scr_x=0&scr_y=0&psz=0x0%7C400x0&msz=0x0%7C1x-1&ga_vid=289388934.1544970515&ga_sid=1544970515&ga_hid=1093875483&fws=2%2C0"""
http://www.ynet.co.il,"Request (#278): ""https://tpc.googlesyndication.com/safeframe/1-0-31/html/container.html"""
http://www.ynet.co.il,"Request (#279): ""https://www.ynet.co.il/images/logo_batYam_1.png"""
http://www.ynet.co.il,"Request (#280): ""https://www.ynet.co.il/images/logo_hadera_1.png"""
http://www.ynet.co.il,"Request (#281): ""https://www.ynet.co.il/images/logo_herzelia_1.png"""
http://www.ynet.co.il,"Request (#282): ""https://www.ynet.co.il/images/logo_hodSharon_1.png"""
http://www.ynet.co.il,"Request (#283): ""https://www.ynet.co.il/images/logo_kfarSaba_1.png"""
http://www.ynet.co.il,"Request (#284): ""https://www.ynet.co.il/images/logo_kibbutz_1.png"""
http://www.ynet.co.il,"Request (#285): ""https://www.ynet.co.il/images/logo_raanana_1.png"""
http://www.ynet.co.il,"Request (#286): ""https://www.ynet.co.il/images/logo_rehovot_1.png"""
http://www.ynet.co.il,"Request (#287): ""https://www.ynet.co.il/images/logo_roshHayyn_1.png"""
http://www.ynet.co.il,"Request (#288): ""https://www.ynet.co.il/images/logo_yershlm_1.png"""
http://www.ynet.co.il,"Request (#289): ""https://www.ynet.co.il/images/bershva117_220.png"""
http://www.ynet.co.il,"Request (#290): ""https://www.ynet.co.il/images/emeq117_220.png"""
http://www.ynet.co.il,"Request (#291): ""https://www.ynet.co.il/images/kryt117_220.png"""
http://www.ynet.co.il,"Request (#292): ""https://www.ynet.co.il/images/mynet_logo_1.png"""
http://www.ynet.co.il,"Request (#293): ""https://www.ynet.co.il/images/red_arrow_1.png"""
http://www.ynet.co.il,"Request (#294): ""https://www.ynet.co.il/images/back_to.png"""
http://www.ynet.co.il,"Request (#295): ""https://widget.perfectmarket.com/ynet-ynet-/load.js"""
http://www.ynet.co.il,"Request (#296): ""https://cdn.taboola.com/libtrc/impl.335-485-RELEASE.es5.js"""
http://www.ynet.co.il,"Request (#297): ""https://sb.scorecardresearch.com/beacon.js"""
http://www.ynet.co.il,"Request (#298): ""https://www.ynet.co.il/Ext/Comp/Ticker/Dhtml_Flash_Ticker/0,12114,L-184-253-150,00.html?js=1"""
http://www.ynet.co.il,"Request (#299): ""https://www.ynet.co.il/images/searchDropDown.gif"""
http://www.ynet.co.il,"Request (#300): ""https://www.ynet.co.il/PicServer5/2017/08/09/sprites/homepage_v39.png"""
http://www.ynet.co.il,"Request (#301): ""https://staticxx.facebook.com/connect/xd_arbiter/r/j-GHT1gpo6-.js?version=43#channel=f3a6bde954&origin=https%3A%2F%2Fwww.ynet.co.il"""
http://www.ynet.co.il,"Request (#302): ""https://cdn.ampproject.org/rtv/011812051624460/amp4ads-host-v0.js"""
http://www.ynet.co.il,"Request (#303): ""https://cdn.ampproject.org/rtv/011812051624460/amp4ads-v0.js"""
http://www.ynet.co.il,"Request (#304): ""https://cdn.ampproject.org/rtv/011812051624460/v0/amp-analytics-0.1.js"""
http://www.ynet.co.il,"Request (#305): ""https://tpc.googlesyndication.com/simgad/15110525903735873775"""
http://www.ynet.co.il,"Request (#306): ""https://securepubads.g.doubleclick.net/pcs/view?xai=AKAOjsvrn4sz4P4iuZsPMhAhc0_0hvaJ4Fky_42xcMQlhDn7V1zXdJ4z1WA3Qw_dXY_wlq050uz1pUEeRRfzxtyyvEJGRgI7042LdRRr8P03zqA0fEcTajp0ki-2RitalGe6rXKspmhWmj6OPs5yeRznExWhj6A38z3TUipDxN95I9bdr3lD2af44r9jyWnsuLiCJoGXY0d4tB-Uhjbqd2HKKh_CFWH9TPBjDYsqekikSvtgfaaWJnOGrT0cnEuTlLD--9FiYbl9j-C4SJjOVqs&sai=AMfl-YRYrpNEoXdOwfmca8C_-VKW7209UIKDP2Uvcb60SIGH0ZNubap_GOSWsZc6L-BFJ13oT_Bp3h-GdCCHhmjio60tU5D07UHjOHtALmr6rIFdl_Nf82RA7mh7bLn8&sig=Cg0ArKJSzBfjUJzO93UkEAE&urlfix=1&adurl="""
http://www.ynet.co.il,"Request (#307): ""https://securepubads.g.doubleclick.net/pcs/view?xai=AKAOjsvYX1DcASxGkTSIU65FN9nY9UgmPuLAesiB4iri34k5fPZbW7Ok93_5tx770cgggz4yAlESdbJsfY_xCxQpPhjhE6X5aTGmJLvOkkqnQV2mrb1fs0IelayTPsoz6HIqcdGGLWelkPDApUWRa4zHZsAV-bgDIxX-HWuEN3wD9b0tvT80gSH7PiS5OkHwluAb5jX-geVd-sPvuTBlozRW81CFNX7tgMdCl_4rz4WKfuGEZL0nF6HY_qpEe6N1SG4VYh5WEa2hIyh8XvLpLOsLN5i6&sai=AMfl-YQ5icqkPSekCInGvFSQmT3yPtIC31IR0Nx6i_1CLVOV7JuANLIlbyFo2S6P7pGzIv6RymAL7Cl4hArq_26vw3vWxxaHGJ4FZflTSoGjyd_6a5N1sZvCCQ3E5KPl&sig=Cg0ArKJSzOB0rD0QiVq3EAE&adurl="""
http://www.ynet.co.il,"Request (#308): ""https://www.ynet.co.il/images/ticker/AC_RunActiveContent.js"""
http://www.ynet.co.il,"Request (#309): ""https://sb.scorecardresearch.com/b?c1=7&c2=13739933&c3=20121515121&ns__t=1544970514703&ns_c=UTF-8&cv=3.1&c8=ynet%20-%20%D7%97%D7%93%D7%A9%D7%95%D7%AA%2C%20%D7%9B%D7%9C%D7%9B%D7%9C%D7%94%2C%20%D7%A1%D7%A4%D7%95%D7%A8%D7%98%2C%20%D7%91%D7%A8%D7%99%D7%90%D7%95%D7%AA&c7=https%3A%2F%2Fwww.ynet.co.il%2Fhome%2F0%2C7340%2CL-8%2C00.html&c9="""
http://www.ynet.co.il,"Request (#310): ""https://images1.ynet.co.il/PicServer4/2016/05/08/6989887/06.png"""
http://www.ynet.co.il,"Request (#311): ""https://images1.ynet.co.il/PicServer5/2017/05/22/7797822/logo_shimushon.jpg"""
http://www.ynet.co.il,"Request (#312): ""https://images1.ynet.co.il/PicServer4/2016/08/21/7214099/02.png"""
http://www.ynet.co.il,"Request (#313): ""https://images1.ynet.co.il/PicServer5/2017/08/01/7942771/01.jpg"""
http://www.ynet.co.il,"Request (#314): ""https://images1.ynet.co.il/PicServer5/2018/06/20/8605546/300x78.png"""
http://www.ynet.co.il,"Request (#315): ""https://images1.ynet.co.il/PicServer5/2018/04/08/8455187/300x78.jpg"""
http://www.ynet.co.il,"Request (#316): ""https://images1.ynet.co.il/PicServer5/2018/11/20/8894426/300_78.jpg"""
http://www.ynet.co.il,"Request (#317): ""https://server.exposebox.com/placement-iframe.html?c=125&p=Ynet_Nadlan_Cubes_Placement&pw=325&ph=155&clicktr=%25%25CLICK_URL_ESC%25%25"""
http://www.ynet.co.il,"Request (#318): ""https://www.ynet.co.il/Images/IndexTeaser/bullette.gif"""
http://www.ynet.co.il,"Request (#319): ""https://images1.ynet.co.il/PicServer5/2018/11/27/8908307/300_78.jpg"""
http://www.ynet.co.il,"Request (#320): ""https://www.ynet.co.il/Ext/Comp/Ticker/JS_Ticker_Data/0,13760,L-184,00.html"""
http://www.ynet.co.il,"Request (#321): ""https://www.ynet.co.il/images/arrow-marketschedule.png"""
http://www.ynet.co.il,"Request (#322): ""https://www.ynet.co.il/YediothPortal/Ext/Comp/Teaser/MarketSchedual_New/CdaMarketSchedualIframe_New/0,20770,362992,00.html"""
http://www.ynet.co.il,"Request (#323): ""data:image/gif;base64,R0lGODlhNwAUAMQAAP///wAAAHJyctTU1DIyMunp6Q0NDdPT04SEhHFxcTExMRcXFyQkJKqqqmBgYL6+vpeXl1BQUEBAQGFhYRgYGL+/vyMjI4ODg6urq09PTwwMDOjo6AAAAAAAAAAAAAAAACH5BAAAAAAALAAAAAA3ABQAAAX/ICCOZGmeaKqubOu+cCzPdG3fOMwEgSBOPAeKwuNJGqMDjyC6FCMFUkXyPJAgPMOgkR2gdkXeQzTgKUSYcGb0CHdJETPYh0IkBI4iE6AM7AcJBFkjYBQJBkskBQthDC5cPCJ9ZySIASJtAQZRZTxRI05FSC6MAV6deyNEpgBYARIjggEYJZaULrJWfakipV4IPBEjVAGjIgJhEC+yp4kiCJYBVpCOvTwVIwPRAQufLLkAqMduygVFCQB53CQKPBkWwbg8XpMABZalQuluPAgjwAEoFKggqkU7aeESIfOTqRoAYudGFNDQT0QCHhZaIBAgIEoBjv4g3BnDkQ4mAXe8E4zY4MCBSQATYuaYSbOmzZskQgAAOw=="""
http://www.ynet.co.il,"Request (#324): ""https://files.yit.co.il/rich_media/mifal_pais_12_12_18/ybox.html?link=https://bit.ly/2rvVSfv&clickmacro=https://adclick.g.doubleclick.net/pcs/click%253Fxai%253DAKAOjsso10LCd9UXcosmjVnF-XcxHxcfX6fPT1tV6PZnALiZWxD5A6KEU_h_ddnUeEOIZN-2g3YejOBfB94ve6KyN-8NFBhjpjLHg6XYS-q26o1xXj9X00igzyG9w8p8BoWAKSrSG52SJdWNiTi2qcFrSGbwHlwT6GY5WsGebxmPc5hyun_Xkvi70zHGCI23RBe4IS1h5izdZs62s8DrNbBHCFal4VDS1OqLqjsmoPosoemTXEoPubnylNQ%2526sai%253DAMfl-YSfkjNKIks4qWxbeTiGzIOMP1o-FfHM7fuJd8h4dk9j6In9rjbFmg3SsZ_1wnqq0t6KYDn_9XaPtxbgI1Sxkj80I6xYsboIezryo2Iue01Sg320_W3bL9oAMiql%2526sig%253DCg0ArKJSzNpakug2-l_GEAE%2526urlfix%253D1%2526adurl%253D"""
http://www.ynet.co.il,"Request (#325): ""https://z.ynet.co.il/mShort/commerce/2018/YnetShopsIframe"""
http://www.ynet.co.il,"Request (#326): ""https://server.exposebox.com/placement-iframe.html?c=125&p=Shderat_Nadlan_Ynet_Placement&pw=980&ph=222&clicktr=%25%25CLICK_URL_ESC%25%25"""
http://www.ynet.co.il,"Request (#327): ""https://www.ynet.co.il/images/footer_bg_no_seo.png"""
http://www.ynet.co.il,"Request (#328): ""https://www.ynet.co.il/images/footer_channels_title.png"""
http://www.ynet.co.il,"Request (#329): ""https://www.ynet.co.il/images/footer_blue_left_arrow.png"""
http://www.ynet.co.il,"Request (#330): ""https://www.ynet.co.il/images/footer_channel_separator.png"""
http://www.ynet.co.il,"Request (#331): ""https://www.ynet.co.il/common/api/scripts/loader/lightBoxComponent1024_V2.js"""
http://www.ynet.co.il,"Request (#332): ""https://www.ynet.co.il/images/footer_about_title.png"""
http://www.ynet.co.il,"Request (#333): ""https://www.ynet.co.il/images/footer_network_title.png"""
http://www.ynet.co.il,"Request (#334): ""https://www.ynet.co.il/images/mainsearch_facebook.png"""
http://www.ynet.co.il,"Request (#335): ""https://www.ynet.co.il/images/footer_tweeter_icon.png"""
http://www.ynet.co.il,"Request (#336): ""https://www.ynet.co.il/images/icon_for_ynet.png"""
http://www.ynet.co.il,"Request (#337): ""https://www.ynet.co.il/images/footer_tools_title.png"""
http://www.ynet.co.il,"Request (#338): ""https://www.ynet.co.il/images/footer_winwin.jpg"""
http://www.ynet.co.il,"Request (#339): ""https://www.ynet.co.il/images/footer_big_deal.jpg"""
http://www.ynet.co.il,"Request (#340): ""https://www.ynet.co.il/images/footer_proffesional.gif"""
http://www.ynet.co.il,"Request (#341): ""https://www.ynet.co.il/images/footer_insurance.jpg"""
http://www.ynet.co.il,"Request (#342): ""https://www.ynet.co.il/images/footer_mimon.png"""
http://www.ynet.co.il,"Request (#343): ""https://www.ynet.co.il/images/footer_ynet_shops.jpg"""
http://www.ynet.co.il,"Request (#344): ""https://www.ynet.co.il/images/footer_yit127X29_1.png"""
http://www.ynet.co.il,"Request (#345): ""https://www.ynet.co.il/images/footer_radware80X29.gif"""
http://www.ynet.co.il,"Request (#346): ""https://www.ynet.co.il/images/footer_akamai60X29.gif"""
http://www.ynet.co.il,"Request (#347): ""https://www.ynet.co.il/images/footer_acum76X29.gif"""
http://www.ynet.co.il,"Request (#348): ""https://www.ynet.co.il/images/footer_tali64X41.jpg"""
http://www.ynet.co.il,"Request (#349): ""https://www.ynet.co.il/images/active_trail_footer.png"""
http://www.ynet.co.il,"Request (#350): ""https://www.ynet.co.il/images/footer_all_rights_yi201X19_1.gif"""
http://www.ynet.co.il,"Request (#351): ""https://www.ynet.co.il/Cnt/Images/Weather/1430.png"""
http://www.ynet.co.il,"Request (#352): ""https://www.ynet.co.il/images/google_logo_katava.jpg"""
http://www.ynet.co.il,"Request (#353): ""https://cdn.exelator.com/build/static.min.js"""
http://www.ynet.co.il,"Request (#354): ""https://images1.ynet.co.il/PicServer5/2018/11/20/8894427/300_78.jpg"""
http://www.ynet.co.il,"Request (#355): ""https://c2.taboola.com/nr/ynet-ynet-/newsroom.js"""
http://www.ynet.co.il,"Request (#356): ""https://js.nagich.co.il//style/default.css"""
http://www.ynet.co.il,"Request (#357): ""https://js.nagich.co.il//style/btncolor.css"""
http://www.ynet.co.il,"Request (#358): ""https://www.ynet.co.il/images/buy_save_arrow_left.jpg"""
http://www.ynet.co.il,"Request (#359): ""https://www.ynet.co.il/images/buy_save_arrow_right.jpg"""
http://www.ynet.co.il,"Request (#360): ""https://images1.ynet.co.il/PicServer5/2018/06/20/8605863/296X76.jpg"""
http://www.ynet.co.il,"Request (#361): ""https://images1.ynet.co.il/PicServer5/2018/12/12/8939161/YNET.png"""
http://www.ynet.co.il,"Request (#362): ""https://images1.ynet.co.il/PicServer5/2017/07/12/7903910/dominos_logo_new.jpg"""
http://www.ynet.co.il,"Request (#363): ""https://images1.ynet.co.il/PicServer5/2018/11/28/8910332/150X218-(enter).jpg"""
http://www.ynet.co.il,"Request (#364): ""https://images1.ynet.co.il/PicServer5/2018/02/06/8331807/ggggg.jpg"""
http://www.ynet.co.il,"Request (#365): ""https://www.facebook.com/v2.4/plugins/like.php?action=like&app_id=117633148253098&channel=https%3A%2F%2Fstaticxx.facebook.com%2Fconnect%2Fxd_arbiter%2Fr%2Fj-GHT1gpo6-.js%3Fversion%3D43%23cb%3Df10a12fc%26domain%3Dwww.ynet.co.il%26origin%3Dhttps%253A%252F%252Fwww.ynet.co.il%252Ff3a6bde954%26relation%3Dparent.parent&color_scheme=light&container_width=0&href=https%3A%2F%2Fwww.facebook.com%2Fynetnews&layout=button_count&locale=en_US&sdk=joey&show_faces=false&width=80"""
http://www.ynet.co.il,"Request (#366): ""https://www.facebook.com/v2.4/plugins/like.php?action=like&app_id=117633148253098&channel=https%3A%2F%2Fstaticxx.facebook.com%2Fconnect%2Fxd_arbiter%2Fr%2Fj-GHT1gpo6-.js%3Fversion%3D43%23cb%3Dfafe4cda8%26domain%3Dwww.ynet.co.il%26origin%3Dhttps%253A%252F%252Fwww.ynet.co.il%252Ff3a6bde954%26relation%3Dparent.parent&container_width=54&href=https%3A%2F%2Fwww.facebook.com%2Fpnai.plus%2F&layout=button_count&locale=en_US&sdk=joey&share=false&show_faces=false&size=small&width=84"""
http://www.ynet.co.il,"Request (#367): ""https://images1.ynet.co.il/PicServer4/2016/09/11/7259012/156X84.jpg"""
http://www.ynet.co.il,"Request (#368): ""https://images1.ynet.co.il/PicServer5/2018/03/26/8431227/digital_mimun_560748_ynet11_156x84.jpg"""
http://www.ynet.co.il,"Request (#369): ""https://images1.ynet.co.il/PicServer5/2017/09/07/8020626/156X84.jpg"""
http://www.ynet.co.il,"Request (#370): ""https://images1.ynet.co.il/PicServer5/2018/11/25/8903550/Alljobs_Airplane_156x84.jpg"""
http://www.ynet.co.il,"Request (#371): ""https://images1.ynet.co.il/PicServer5/2018/06/13/8590908/156X84.jpg"""
http://www.ynet.co.il,"Request (#372): ""https://images1.ynet.co.il/PicServer5/2018/01/17/8288210/70x24.jpg"""
http://www.ynet.co.il,"Request (#373): ""https://images1.ynet.co.il/PicServer5/2018/12/16/8946800/173041_Original.jpg"""
http://www.ynet.co.il,"Request (#374): ""https://trc.taboola.com/ynet-ynet-/trc/3/json?tim=16%3A28%3A35.272&data=%7B%22id%22%3A446%2C%22ii%22%3A%22_homepage_%22%2C%22it%22%3A%22home%22%2C%22sd%22%3A%22v2_9db94eab7a4a6117cdadacb031956b46_5e4315cd-237d-41c8-bc2e-8daed36b8c4c-tuct30fc6dc_1544962396_1544966370_CIi3jgYQmqhBGITjr7n7LCAJKAEwZjiI6wpAsJAQSKf2EVD___________8BWABgAA%22%2C%22ui%22%3A%225e4315cd-237d-41c8-bc2e-8daed36b8c4c-tuct30fc6dc%22%2C%22uifp%22%3Anull%2C%22vi%22%3A1544970515257%2C%22cv%22%3A%22335-485-RELEASE%22%2C%22uiv%22%3A%22default%22%2C%22u%22%3A%22https%3A%2F%2Fwww.ynet.co.il%2Fhome%2F0%2C7340%2CL-8%2C00.html%22%2C%22bv%22%3A%220%22%2C%22ul%22%3A%5B%22en-US%22%5D%2C%22cmps%22%3A3%2C%22btv%22%3A%220%22%2C%22bad%22%3A-1%2C%22bw%22%3A400%2C%22sw%22%3A1024%2C%22sh%22%3A768%2C%22r%22%3A%5B%7B%22li%22%3A%22rbox-h2m%22%2C%22s%22%3A4%2C%22uim%22%3A%22thumbnails-c%3Aabp%3D0%22%2C%22uip%22%3A%22Below%20Main%20Column%20Thumbnails%22%2C%22orig_uip%22%3A%22Below%20Main%20Column%20Thumbnails%22%2C%22cd%22%3A3472%2C%22mw%22%3A980%7D%5D%2C%22cb%22%3A%22TRC.callbacks.recommendations_1%22%2C%22lt%22%3A%22normal%22%7D"""
http://www.ynet.co.il,"Request (#375): ""https://images1.ynet.co.il/PicServer5/2018/12/13/8942163/173598_Original.jpg"""
http://www.ynet.co.il,"Request (#376): ""https://images1.ynet.co.il/PicServer5/2018/12/16/8946150/173836_Original.jpg"""
http://www.ynet.co.il,"Request (#377): ""https://images1.ynet.co.il/PicServer5/2018/12/16/8946610/894622315090autoresize.jpg"""
http://www.ynet.co.il,"Request (#378): ""https://images1.ynet.co.il/PicServer5/2018/12/16/8947168/894687715090autoresize.jpg"""
http://www.ynet.co.il,"Request (#379): ""https://z.ynet.co.il/mShort/commerce/2018/YnetShopsIframe/Content/reset.css"""
http://www.ynet.co.il,"Request (#380): ""https://z.ynet.co.il/mShort/commerce/2018/YnetShopsIframe/Content/owl.carousel.min.css"""
http://www.ynet.co.il,"Request (#381): ""https://z.ynet.co.il/mShort/commerce/2018/YnetShopsIframe/Content/owl.theme.default.min.css"""
http://www.ynet.co.il,"Request (#382): ""https://z.ynet.co.il/mShort/commerce/2018/YnetShopsIframe/Content/owl.theme.green.min.css"""
http://www.ynet.co.il,"Request (#383): ""https://z.ynet.co.il/mShort/commerce/2018/YnetShopsIframe/Content/Site.css"""
http://www.ynet.co.il,"Request (#384): ""https://z.ynet.co.il/mShort/commerce/2018/YnetShopsIframe/fonts/AlmoniTzarAAA/styles.css"""
http://www.ynet.co.il,"Request (#385): ""https://z.ynet.co.il/mShort/commerce/2018/YnetShopsIframe/fonts/Assistant/styles.css"""
http://www.ynet.co.il,"Request (#386): ""https://z.ynet.co.il/mShort/commerce/2018/YnetShopsIframe/Scripts/jquery-3.3.1.min.js"""
http://www.ynet.co.il,"Request (#387): ""https://z.ynet.co.il/mShort/commerce/2018/YnetShopsIframe/Scripts/owl.carousel.min.js"""
http://www.ynet.co.il,"Request (#388): ""https://images1.ynet.co.il/PicServer5/2018/12/16/8946079/8946077982266183103no.jpg"""
http://www.ynet.co.il,"Request (#389): ""https://images1.ynet.co.il/PicServer5/2018/02/07/8335046/833504437701947183103no.jpg"""
http://www.ynet.co.il,"Request (#390): ""https://images1.ynet.co.il/PicServer5/2018/12/16/8946301/89462951100098183103no.jpg"""
http://www.ynet.co.il,"Request (#391): ""https://images1.ynet.co.il/PicServer5/2018/12/16/8946130/894612815588autoresize.jpg"""
http://www.ynet.co.il,"Request (#392): ""https://images1.ynet.co.il/PicServer5/2018/12/16/8945839/878621815588autoresize.jpg"""
http://www.ynet.co.il,"Request (#393): ""https://images1.ynet.co.il/PicServer5/2018/12/16/8946433/894118615588autoresize.jpg"""
http://www.ynet.co.il,"Request (#394): ""https://images1.ynet.co.il/PicServer5/2018/11/15/8886023/885893415090autoresize.jpg"""
http://www.ynet.co.il,"Request (#395): ""https://images1.ynet.co.il/PicServer5/2018/12/16/8946532/883518515090autoresize.jpg"""
http://www.ynet.co.il,"Request (#396): ""https://images1.ynet.co.il/PicServer5/2018/12/16/8946920/10S.jpg"""
http://www.ynet.co.il,"Request (#397): ""https://images1.ynet.co.il/PicServer4/2015/04/30/6022807/PP.PNG"""
http://www.ynet.co.il,"Request (#398): ""https://images1.ynet.co.il/PicServer5/2018/12/16/8946390/89463581685361183103no.jpg"""
http://www.ynet.co.il,"Request (#399): ""https://images1.ynet.co.il/PicServer5/2018/12/16/8946546/8946498099238183103no.jpg"""
http://www.ynet.co.il,"Request (#400): ""https://images1.ynet.co.il/PicServer5/2018/12/16/8946640/894658410621030183103no.jpg"""
http://www.ynet.co.il,"Request (#401): ""https://images1.ynet.co.il/PicServer5/2018/12/16/8946336/894632415090autoresize.jpg"""
http://www.ynet.co.il,"Request (#402): ""https://images1.ynet.co.il/PicServer5/2018/12/16/8945747/894574015090autoresize.jpg"""
http://www.ynet.co.il,"Request (#403): ""https://images1.ynet.co.il/PicServer5/2018/12/16/8946797/894673115090autoresize.jpg"""
http://www.ynet.co.il,"Request (#404): ""https://images1.ynet.co.il/PicServer5/2018/12/16/8946987/894684715090autoresize.jpg"""
http://www.ynet.co.il,"Request (#405): ""https://images1.ynet.co.il/PicServer5/2018/05/23/8549123/logo.jpg"""
http://www.ynet.co.il,"Request (#406): ""https://images1.ynet.co.il/PicServer5/2018/05/23/8549079/5links_05.jpg"""
http://www.ynet.co.il,"Request (#407): ""https://images1.ynet.co.il/PicServer5/2018/05/23/8549078/5links_04.jpg"""
http://www.ynet.co.il,"Request (#408): ""https://images1.ynet.co.il/PicServer5/2018/05/23/8549077/5links_03.jpg"""
http://www.ynet.co.il,"Request (#409): ""https://images1.ynet.co.il/PicServer5/2018/05/23/8549076/5links_02.jpg"""
http://www.ynet.co.il,"Request (#410): ""https://images1.ynet.co.il/PicServer5/2018/05/23/8549075/5links_01.jpg"""
http://www.ynet.co.il,"Request (#411): ""https://images1.ynet.co.il/PicServer5/2018/12/16/8946253/street2.jpg"""
http://www.ynet.co.il,"Request (#412): ""https://images1.ynet.co.il/PicServer5/2018/12/16/8946050/hair2.jpg"""
http://www.ynet.co.il,"Request (#413): ""https://images1.ynet.co.il/PicServer5/2018/12/16/8946052/mushroom2.jpg"""
http://www.ynet.co.il,"Request (#414): ""https://images1.ynet.co.il/PicServer5/2018/12/16/8946051/moms2.jpg"""
http://www.ynet.co.il,"Request (#415): ""https://images1.ynet.co.il/PicServer5/2018/12/16/8946049/dana2.jpg"""
http://www.ynet.co.il,"Request (#416): ""https://images1.ynet.co.il/PicServer5/2018/12/10/8934232/140x80.jpg"""
http://www.ynet.co.il,"Request (#417): ""https://images1.ynet.co.il/PicServer5/2018/12/16/8946665/140x80.jpg"""
http://www.ynet.co.il,"Request (#418): ""https://images1.ynet.co.il/PicServer5/2018/12/11/8937345/shapaat_140x80.jpg"""
http://www.ynet.co.il,"Request (#419): ""https://images1.ynet.co.il/PicServer5/2018/11/27/8908306/290_90.jpg"""
http://www.ynet.co.il,"Request (#420): ""https://mrb.upapi.net/pv?pid=DtvigoqTX0TR35x&br=safari&sid=afptqxv4h8&w=5693168230072320&cv=e8137607&r=false&uponit=true"""
http://www.ynet.co.il,"Request (#421): ""https://images1.ynet.co.il/PicServer5/2018/12/06/8927361/16281_48733_290x90.jpg"""
http://www.ynet.co.il,"Request (#422): ""https://images1.ynet.co.il/PicServer5/2018/12/16/8946071/8821308320180autoresize.jpg"""
http://www.ynet.co.il,"Request (#423): ""https://images1.ynet.co.il/PicServer5/2018/10/17/8826859/60_60.jpg"""
http://www.ynet.co.il,"Request (#424): ""https://images1.ynet.co.il/PicServer5/2018/11/27/8907623/60x60.jpg"""
http://www.ynet.co.il,"Request (#425): ""https://images1.ynet.co.il/PicServer5/2018/12/16/8946527/8491177320180autoresize.jpg"""
http://www.ynet.co.il,"Request (#426): ""https://images1.ynet.co.il/PicServer4/2016/07/19/7144871/strip_04.jpg"""
http://www.ynet.co.il,"Request (#427): ""https://cdn.firstimpression.io/delivery/spc_fi.php?id=5334&url=%2Fhome%2F0%2C7340%2CL-8%2C00.html&charset=UTF-8&wrapto=firstSpcFetch&ch=16&referer=&_firid=88982700&fiodpe="""
http://www.ynet.co.il,"Request (#428): ""https://images1.ynet.co.il/PicServer5/2017/04/30/7750332/28B.png"""
http://www.ynet.co.il,"Request (#429): ""https://images1.ynet.co.il/PicServer4/2016/01/27/6782031/14A.jpg"""
http://www.ynet.co.il,"Request (#430): ""https://images1.ynet.co.il/PicServer5/2018/12/16/8945968/4807693320180autoresize.jpg"""
http://www.ynet.co.il,"Request (#431): ""https://images1.ynet.co.il/PicServer5/2018/12/16/8947138/8947056320180autoresize.jpg"""
http://www.ynet.co.il,"Request (#432): ""https://images1.ynet.co.il/PicServer5/2018/12/09/8932606/paris60_60.jpg"""
http://www.ynet.co.il,"Request (#433): ""https://images1.ynet.co.il/PicServer5/2018/07/12/8653905/60X60.jpg"""
http://www.ynet.co.il,"Request (#434): ""https://yshops-ads.ynet.co.il/101885.jpg"""
http://www.ynet.co.il,"Request (#435): ""https://z.ynet.co.il/mShort/commerce/2018/YnetShopsIframe/Content/ynet-logo-104x22.png"""
http://www.ynet.co.il,"Request (#436): ""https://z.ynet.co.il/mShort/commerce/2018/YnetShopsIframe/Content/Images/back.png"""
http://www.ynet.co.il,"Request (#437): ""https://z.ynet.co.il/mShort/commerce/2018/YnetShopsIframe/Content/Images/next.png"""
http://www.ynet.co.il,"Request (#438): ""https://yshops-ads.ynet.co.il/101714.jpg"""
http://www.ynet.co.il,"Request (#439): ""https://yshops-ads.ynet.co.il/87641.jpg"""
http://www.ynet.co.il,"Request (#440): ""https://yshops-ads.ynet.co.il/98442.jpg"""
http://www.ynet.co.il,"Request (#441): ""https://yshops-ads.ynet.co.il/100178.jpg"""
http://www.ynet.co.il,"Request (#442): ""https://yshops-ads.ynet.co.il/104237.jpg"""
http://www.ynet.co.il,"Request (#443): ""https://yshops-ads.ynet.co.il/74539.jpg"""
http://www.ynet.co.il,"Request (#444): ""https://yshops-ads.ynet.co.il/100012.jpg"""
http://www.ynet.co.il,"Request (#445): ""https://yshops-ads.ynet.co.il/100576.jpg"""
http://www.ynet.co.il,"Request (#446): ""https://yshops-ads.ynet.co.il/101718.jpg"""
http://www.ynet.co.il,"Request (#447): ""https://images1.ynet.co.il/PicServer5/2018/12/16/8947108/8947095320180autoresize.jpg"""
http://www.ynet.co.il,"Request (#448): ""https://images1.ynet.co.il/PicServer4/2015/12/14/6694086/320-j.gif"""
http://www.ynet.co.il,"Request (#449): ""https://images1.ynet.co.il/PicServer5/2018/05/15/8534411/Alljobs_Kidum_60x60.jpg"""
http://www.ynet.co.il,"Request (#450): ""https://images1.ynet.co.il/PicServer5/2018/11/25/8903512/Alljobs_Airplane_60x60.jpg"""
http://www.ynet.co.il,"Request (#451): ""https://images1.ynet.co.il/PicServer5/2018/12/16/8946440/4790471320180autoresize.jpg"""
http://www.ynet.co.il,"Request (#452): ""https://images1.ynet.co.il/PicServer4/2016/01/24/6774762/320-wed.gif"""
http://www.ynet.co.il,"Request (#453): ""https://images1.ynet.co.il/PicServer4/2016/07/10/7123240/view.png"""
http://www.ynet.co.il,"Request (#454): ""https://images1.ynet.co.il/PicServer4/2016/07/10/7123241/wedding.jpg"""
http://www.ynet.co.il,"Request (#455): ""https://images1.ynet.co.il/PicServer5/2018/11/22/8898780/88364314699099116116no.jpg"""
http://www.ynet.co.il,"Request (#456): ""https://images1.ynet.co.il/PicServer5/2018/11/22/8898779/889534620721399116116no.jpg"""
http://www.ynet.co.il,"Request (#457): ""https://images1.ynet.co.il/PicServer5/2018/12/14/8943568/8943526320180autoresize.jpg"""
http://www.ynet.co.il,"Request (#458): ""https://images1.ynet.co.il/PicServer5/2018/12/16/8946243/8945776320180autoresize.jpg"""
http://www.ynet.co.il,"Request (#459): ""https://images1.ynet.co.il/PicServer5/2018/12/16/8946471/7361375320180autoresize.jpg"""
http://www.ynet.co.il,"Request (#460): ""https://images1.ynet.co.il/PicServer5/2018/12/16/8947052/6082567320180autoresize.jpg"""
http://www.ynet.co.il,"Request (#461): ""https://images1.ynet.co.il/PicServer5/2018/11/05/8864769/PROJECT_CALIZO_big.jpg"""
http://www.ynet.co.il,"Request (#462): ""https://images1.ynet.co.il/PicServer5/2018/10/23/8839116/MALKOT_big.jpg"""
http://www.ynet.co.il,"Request (#463): ""https://images1.ynet.co.il/PicServer5/2018/10/23/8838639/CAESAREA_EXPRESS_ep02_big.jpg"""
http://www.ynet.co.il,"Request (#464): ""https://www.getit.co.il/market/image/comp/box.png"""
http://www.ynet.co.il,"Request (#465): ""https://images1.ynet.co.il/PicServer5/2018/09/05/8756625/OTONOMIT_big.jpg"""
http://www.ynet.co.il,"Request (#466): ""https://images1.ynet.co.il/PicServer5/2018/09/06/8759369/hot_homepage_button.png"""
http://www.ynet.co.il,"Request (#467): ""https://images1.ynet.co.il/PicServer5/2018/09/26/8789940/hot8_homepage_button_big.png"""
http://www.ynet.co.il,"Request (#468): ""https://images1.ynet.co.il/PicServer5/2018/09/26/8789939/hot_bidur_homepage_button_big.png"""
http://www.ynet.co.il,"Request (#469): ""https://static.xx.fbcdn.net/rsrc.php/v3iEpO4/yb/l/en_US/HQ46YEj1TrW.js"""
http://www.ynet.co.il,"Request (#470): ""https://z.ynet.co.il/mShort/commerce/2018/YnetShopsIframe/fonts/Assistant/Assistant-Regular.woff"""
http://www.ynet.co.il,"Request (#471): ""https://images1.ynet.co.il/PicServer4/2015/08/17/6238585/sport.png"""
http://www.ynet.co.il,"Request (#472): ""https://static.xx.fbcdn.net/rsrc.php/v3/yn/r/lH1ibRl5GKq.png"""
http://www.ynet.co.il,"Request (#473): ""https://images1.ynet.co.il/PicServer5/2017/03/26/7676124/Zoom-logo-componenta.png"""
http://www.ynet.co.il,"Request (#474): ""https://www.google-analytics.com/analytics.js"""
http://www.ynet.co.il,"Request (#475): ""https://d3owq2fdwtdp2j.cloudfront.net/8821463244.js"""
http://www.ynet.co.il,"Request (#476): ""https://connect.facebook.net/en_US/fbevents.js"""
http://www.ynet.co.il,"Request (#477): ""https://images1.ynet.co.il/PicServer3/2013/12/12/5032932/feedme_leshonit.png"""
http://www.ynet.co.il,"Request (#478): ""https://images1.ynet.co.il/PicServer5/2018/09/26/8789936/young_homepage_button_big.png"""
http://www.ynet.co.il,"Request (#479): ""https://images1.ynet.co.il/PicServer4/2015/08/17/6238703/news-bidur.png"""
http://www.ynet.co.il,"Request (#480): ""https://images1.ynet.co.il/PicServer5/2018/09/06/8759992/hot3_new_homepage_button.png"""
http://www.ynet.co.il,"Request (#481): ""https://images1.ynet.co.il/PicServer4/2015/08/17/6238577/frogi.png"""
http://www.ynet.co.il,"Request (#482): ""https://images1.ynet.co.il/PicServer5/2017/02/21/7602624/1fullmoon_componenta.png"""
http://www.ynet.co.il,"Request (#483): ""https://images1.ynet.co.il/PicServer4/2016/07/04/7112420/logo222.png"""
http://www.ynet.co.il,"Request (#484): ""https://images1.ynet.co.il/PicServer5/2018/06/14/8593068/85930670100788183103no.jpg"""
http://www.ynet.co.il,"Request (#485): ""https://images1.ynet.co.il/PicServer5/2018/12/16/8946306/8946304088499183103no.jpg"""
http://www.ynet.co.il,"Request (#486): ""https://images1.ynet.co.il/PicServer5/2018/12/16/8946313/894630201001089183103no.jpg"""
http://www.ynet.co.il,"Request (#487): ""https://tpc.googlesyndication.com/amp_preconnect_polyfill_404_or_other_error_expected._Do_not_worry_about_it?1544970420000"""
http://www.ynet.co.il,"Request (#488): ""https://images1.ynet.co.il/PicServer4/2016/04/07/6927531/69274830100792183103no.jpg"""
http://www.ynet.co.il,"Request (#489): ""https://images1.ynet.co.il/PicServer5/2018/12/16/8946309/8946303099078183103no.jpg"""
http://www.ynet.co.il,"Request (#490): ""https://images1.ynet.co.il/PicServer3/2013/05/12/4619279/36656700100084183103no.jpg"""
http://www.ynet.co.il,"Request (#491): ""https://images1.ynet.co.il/PicServer5/2018/03/08/8393503/2349.png"""
http://www.ynet.co.il,"Request (#492): ""https://images1.ynet.co.il/PicServer5/2018/12/10/8935022/182X120-HOSHEM_ALCOHOL.JPG"""
http://www.ynet.co.il,"Request (#493): ""https://images1.ynet.co.il/PicServer5/2017/11/07/8137147/bituach.jpg"""
http://www.ynet.co.il,"Request (#494): ""https://images1.ynet.co.il/PicServer5/2018/06/20/8606009/182x120.jpg"""
http://www.ynet.co.il,"Request (#495): ""https://images1.ynet.co.il/PicServer5/2017/11/07/8137146/art.jpg"""
http://www.ynet.co.il,"Request (#496): ""https://images1.ynet.co.il/PicServer5/2018/03/14/8405942/182120_copy.jpg"""
http://www.ynet.co.il,"Request (#497): ""https://images1.ynet.co.il/PicServer5/2018/10/14/8821317/4444.jpg"""
http://www.ynet.co.il,"Request (#498): ""https://images1.ynet.co.il/PicServer5/2018/12/09/8932611/paris182_120.jpg"""
http://www.ynet.co.il,"Request (#499): ""https://images1.ynet.co.il/PicServer5/2017/12/13/8214388/1.jpg"""
http://www.ynet.co.il,"Request (#500): ""https://connect.facebook.net/signals/config/166328987247677?v=2.8.35&r=stable"""
http://www.ynet.co.il,"Request (#501): ""https://images1.ynet.co.il/PicServer5/2018/03/26/8431222/digital_mimun_560748_ynet5_182x120.jpg"""
http://www.ynet.co.il,"Request (#502): ""https://images1.ynet.co.il/PicServer5/2018/05/14/8531099/logo.jpg"""
http://www.ynet.co.il,"Request (#503): ""https://images1.ynet.co.il/PicServer5/2018/12/03/8919332/1.jpg"""
http://www.ynet.co.il,"Request (#504): ""https://images1.ynet.co.il/PicServer5/2018/07/25/8679310/55.jpg"""
http://www.ynet.co.il,"Request (#505): ""https://images1.ynet.co.il/PicServer5/2018/08/13/8712743/182_120.jpg"""
http://www.ynet.co.il,"Request (#506): ""https://images1.ynet.co.il/PicServer5/2017/11/07/8137149/dfusberi.jpg"""
http://www.ynet.co.il,"Request (#507): ""https://images1.ynet.co.il/PicServer5/2018/11/27/8907628/182x120.jpg"""
http://www.ynet.co.il,"Request (#508): ""https://images1.ynet.co.il/PicServer5/2017/11/07/8137155/xplorer.jpg"""
http://www.ynet.co.il,"Request (#509): ""https://images1.ynet.co.il/PicServer5/2018/07/12/8653952/182x120.jpg"""
http://www.ynet.co.il,"Request (#510): ""https://images1.ynet.co.il/PicServer5/2017/11/07/8137180/shlomo.jpg"""
http://www.ynet.co.il,"Request (#511): ""https://images1.ynet.co.il/PicServer5/2018/04/26/8493196/182x120.png"""
http://www.ynet.co.il,"Request (#512): ""https://images1.ynet.co.il/PicServer5/2017/11/07/8137150/hotels.jpg"""
http://www.ynet.co.il,"Request (#513): ""https://images1.ynet.co.il/PicServer5/2018/05/01/8504747/182x120.jpg"""
http://www.ynet.co.il,"Request (#514): ""https://www.facebook.com/tr/?id=166328987247677&ev=PageView&dl=https%3A%2F%2Fwww.ynet.co.il%2Fhome%2F0%2C7340%2CL-8%2C00.html&rl=&if=false&ts=1544970515680&sw=1024&sh=768&v=2.8.35&r=stable&ec=0&o=142&fbp=fb.0.1544970515680.1423068407&it=1544970515597&coo=false"""
http://www.ynet.co.il,"Request (#515): ""https://widget.perfectmarket.com/ynet-ynet-/pmk-201808001.3.js"""
http://www.ynet.co.il,"Request (#516): ""https://cdn.taboola.com/libtrc/user-adchoice.335-485-RELEASE.es5.js"""
http://www.ynet.co.il,"Request (#517): ""https://trc.taboola.com/ynet-ynet-/log/3/available"""
http://www.ynet.co.il,"Request (#518): ""https://images.taboola.com/taboola/image/fetch/f_jpg%2Cq_auto%2Ch_156%2Cw_280%2Cc_fill%2Cg_faces:auto%2Ce_sharpen/http%3A//cdn.taboola.com/libtrc/static/thumbnails/GETTY_IMAGES/SKP/516499044__RJjCLnlU.jpg"""
http://www.ynet.co.il,"Request (#519): ""https://www.google-analytics.com/collect?v=1&_v=j72&a=1093875483&t=pageview&_s=1&dl=https%3A%2F%2Fwww.ynet.co.il%2Fhome%2F0%2C7340%2CL-8%2C00.html&dp=%2Fhome%2F0%2C7340%2C8%2C00.html%3Fprof%3D8.Central-1.Home&ul=en-us&de=UTF-8&dt=ynet%20-%20%D7%97%D7%93%D7%A9%D7%95%D7%AA%2C%20%D7%9B%D7%9C%D7%9B%D7%9C%D7%94%2C%20%D7%A1%D7%A4%D7%95%D7%A8%D7%98%2C%20%D7%91%D7%A8%D7%99%D7%90%D7%95%D7%AA&sd=32-bit&sr=1024x768&vp=400x300&je=0&_u=YChAgAQ~&jid=1692613627&gjid=365851545&cid=289388934.1544970515&tid=UA-10772561-7&_gid=1778047739.1544970516&gtm=2wgbc0T6Q59G&cg2=8.Central-1.Home&cd1=&cd2=&cd6=289388934.1544970515&z=1210197520"""
http://www.ynet.co.il,"Request (#520): ""https://stats.g.doubleclick.net/r/collect?t=dc&aip=1&_r=3&v=1&_v=j72&tid=UA-10772561-7&cid=289388934.1544970515&jid=1692613627&gjid=365851545&_gid=1778047739.1544970516&_u=YChAgAQ~&z=1664751644"""
http://www.ynet.co.il,"Request (#521): ""https://images.taboola.com/taboola/image/fetch/f_jpg%2Cq_auto%2Ch_156%2Cw_280%2Cc_fill%2Cg_faces:auto%2Ce_sharpen/http%3A//cdn.taboola.com/libtrc/static/thumbnails/GETTY_IMAGES/DV/83314262__TJjVuEqv.jpg"""
http://www.ynet.co.il,"Request (#522): ""https://images.taboola.com/taboola/image/fetch/f_jpg%2Cq_auto%2Ch_156%2Cw_280%2Cc_fill%2Cg_faces:auto%2Ce_sharpen/http%3A//cdn.taboola.com/libtrc/static/thumbnails/8b81299dc38abbe1e02f881738c689a0.png"""
http://www.ynet.co.il,"Request (#523): ""https://images.taboola.com/taboola/image/fetch/f_jpg%2Cq_auto%2Ch_156%2Cw_280%2Cc_fill%2Cg_faces:auto%2Ce_sharpen/http%3A//cdn.taboola.com/libtrc/static/thumbnails/c4f307bcae1cee4f4a6cb4c8543b7769.jpg"""
http://www.ynet.co.il,"Request (#524): ""https://nr.taboola.com/newsroom/1.0/ynet-ynet-/get-action?page.url=https%3A%2F%2Fwww.ynet.co.il%2Fhome%2F0%2C7340%2CL-8%2C00.html&view.id=499304391261278811&page.template=Homepage%20-%20Desktop&page.dashboard=Homepage%20-%20Desktop&ui=5e4315cd-237d-41c8-bc2e-8daed36b8c4c-tuct30fc6dc"""
http://www.ynet.co.il,"Request (#525): ""https://www.youtube.com/player_api"""
http://www.ynet.co.il,"Request (#526): ""https://nr.taboola.com/newsroom/1.0/ynet-ynet-/notify-impression?page.url=https%3A%2F%2Fwww.ynet.co.il%2Fhome%2F0%2C7340%2CL-8%2C00.html&view.id=499304391261278811&page.template=Homepage%20-%20Desktop&page.dashboard=Homepage%20-%20Desktop&ui=5e4315cd-237d-41c8-bc2e-8daed36b8c4c-tuct30fc6dc"""
http://www.ynet.co.il,"Request (#527): ""https://www.google.com/ads/ga-audiences?v=1&aip=1&t=sr&_r=4&tid=UA-10772561-7&cid=289388934.1544970515&jid=1692613627&_v=j72&z=1664751644"""
http://www.ynet.co.il,"Request (#528): ""https://sb.scorecardresearch.com/b?c1=7&c2=13739933&c3=145231918151513&ns__t=1544970516170&ns_c=UTF-8&cv=3.1&c8=ynet%20-%20%D7%97%D7%93%D7%A9%D7%95%D7%AA%2C%20%D7%9B%D7%9C%D7%9B%D7%9C%D7%94%2C%20%D7%A1%D7%A4%D7%95%D7%A8%D7%98%2C%20%D7%91%D7%A8%D7%99%D7%90%D7%95%D7%AA&c7=https%3A%2F%2Fwww.ynet.co.il%2Fhome%2F0%2C7340%2CL-8%2C00.html&c9="""
http://www.ynet.co.il,"Request (#529): ""https://www.facebook.com/tr/"""
http://www.ynet.co.il,"Request (#530): ""https://www.google.co.il/ads/ga-audiences?v=1&aip=1&t=sr&_r=4&tid=UA-10772561-7&cid=289388934.1544970515&jid=1692613627&_v=j72&z=1664751644&slf_rd=1&random=2681971006"""
http://www.ynet.co.il,"Request (#531): ""https://s.ytimg.com/yts/jsbin/www-widgetapi-vflxGrywa/www-widgetapi.js"""
http://www.ynet.co.il,"Request (#532): ""https://www.ynet.co.il/ticker/flash/breakingnews.html?content_id=160917"""
http://www.ynet.co.il,"Request (#533): ""https://pagead2.googlesyndication.com/amp_preconnect_polyfill_404_or_other_error_expected._Do_not_worry_about_it?1544970420000"""
http://www.ynet.co.il,"Request (#534): ""https://pagead2.googlesyndication.com/pcs/activeview?xai=AKAOjsvcdd6TggM-ig6uFYd0QCdp9EUrnHtF2NOmTdl988E1gInrvBq31nyUiSB__pULLRqks8vRojpa6wsf4sJzZ3pRsx6i8HITdRiO-WM&sig=Cg0ArKJSzEV_4jqYSQYWEAE&id=ampim&o=399,11&d=1,1&ss=1024,768&bs=400,300&mcvt=1000&mtos=0,0,1000,1000,1000&tos=0,0,1000,0,0&tfs=86&tls=1086&g=100&h=100&pt=0&tt=1087&rpt=0&rst=1544970514539&r=v&adk=1334469181&avms=ampa"""
